"organizationalUnit","objectTypeName","inheritedObjectTypeName","ActiveDirectoryRights","InheritanceType","ObjectType","InheritedObjectType","ObjectFlags","AccessControlType","IdentityReference","IsInherited","InheritanceFlags","PropagationFlags"
"DC=sos,DC=labs","All","All","ReadProperty","None","00000000-0000-0000-0000-000000000000","00000000-0000-0000-0000-000000000000","None","Allow","Everyone","False","None","None"
"DC=sos,DC=labs","All","All","GenericRead","None","00000000-0000-0000-0000-000000000000","00000000-0000-0000-0000-000000000000","None","Allow","NT AUTHORITY\ENTERPRISE DOMAIN CONTROLLERS","False","None","None"
"DC=sos,DC=labs","All","All","GenericRead","None","00000000-0000-0000-0000-000000000000","00000000-0000-0000-0000-000000000000","None","Allow","NT AUTHORITY\Authenticated Users","False","None","None"
"DC=sos,DC=labs","All","All","GenericAll","None","00000000-0000-0000-0000-000000000000","00000000-0000-0000-0000-000000000000","None","Allow","NT AUTHORITY\SYSTEM","False","None","None"
"DC=sos,DC=labs","All","All","CreateChild, Self, WriteProperty, ExtendedRight, Delete, GenericRead, WriteDacl, WriteOwner","All","00000000-0000-0000-0000-000000000000","00000000-0000-0000-0000-000000000000","None","Allow","BUILTIN\Administrators","False","ContainerInherit","None"
"DC=sos,DC=labs","All","All","ReadProperty, ReadControl","None","00000000-0000-0000-0000-000000000000","00000000-0000-0000-0000-000000000000","None","Allow","S-1-5-32-554","False","None","None"
"DC=sos,DC=labs","All","All","ListChildren","All","00000000-0000-0000-0000-000000000000","00000000-0000-0000-0000-000000000000","None","Allow","S-1-5-32-554","False","ContainerInherit","None"
"DC=sos,DC=labs","All","All","CreateChild, Self, WriteProperty, ExtendedRight, GenericRead, WriteDacl, WriteOwner","None","00000000-0000-0000-0000-000000000000","00000000-0000-0000-0000-000000000000","None","Allow","sos\Domain Admins","False","None","None"
"DC=sos,DC=labs","All","All","GenericAll","All","00000000-0000-0000-0000-000000000000","00000000-0000-0000-0000-000000000000","None","Allow","sos\Enterprise Admins","False","ContainerInherit","None"
"DC=sos,DC=labs","DS-Validated-Write-Computer","Computer","Self","Descendents","9b026da6-0d3c-465c-8bee-5199d7165cba","bf967a86-0de6-11d0-a285-00aa003049e2","ObjectAceTypePresent, InheritedObjectAceTypePresent","Allow","CREATOR OWNER","False","ContainerInherit","InheritOnly"
"DC=sos,DC=labs","DS-Replication-Manage-Topology","All","ExtendedRight","None","1131f6ac-9c07-11d1-f79f-00c04fc2dcd2","00000000-0000-0000-0000-000000000000","ObjectAceTypePresent","Allow","NT AUTHORITY\ENTERPRISE DOMAIN CONTROLLERS","False","None","None"
"DC=sos,DC=labs","DS-Replication-Synchronize","All","ExtendedRight","None","1131f6ab-9c07-11d1-f79f-00c04fc2dcd2","00000000-0000-0000-0000-000000000000","ObjectAceTypePresent","Allow","NT AUTHORITY\ENTERPRISE DOMAIN CONTROLLERS","False","None","None"
"DC=sos,DC=labs","DS-Replication-Get-Changes","All","ExtendedRight","None","1131f6aa-9c07-11d1-f79f-00c04fc2dcd2","00000000-0000-0000-0000-000000000000","ObjectAceTypePresent","Allow","NT AUTHORITY\ENTERPRISE DOMAIN CONTROLLERS","False","None","None"
"DC=sos,DC=labs","DS-Replication-Get-Changes-In-Filtered-Set","All","ExtendedRight","None","89e95b76-444d-4c62-991a-0facbeda640c","00000000-0000-0000-0000-000000000000","ObjectAceTypePresent","Allow","NT AUTHORITY\ENTERPRISE DOMAIN CONTROLLERS","False","None","None"
"DC=sos,DC=labs","Token-Groups","User","ReadProperty","Descendents","b7c69e6d-2cc7-11d2-854e-00a0c983f608","bf967aba-0de6-11d0-a285-00aa003049e2","ObjectAceTypePresent, InheritedObjectAceTypePresent","Allow","NT AUTHORITY\ENTERPRISE DOMAIN CONTROLLERS","False","ContainerInherit","InheritOnly"
"DC=sos,DC=labs","Read-Only-Replication-Secret-Synchronization","All","ExtendedRight","None","1131f6ae-9c07-11d1-f79f-00c04fc2dcd2","00000000-0000-0000-0000-000000000000","ObjectAceTypePresent","Allow","NT AUTHORITY\ENTERPRISE DOMAIN CONTROLLERS","False","None","None"
"DC=sos,DC=labs","Token-Groups","Group","ReadProperty","Descendents","b7c69e6d-2cc7-11d2-854e-00a0c983f608","bf967a9c-0de6-11d0-a285-00aa003049e2","ObjectAceTypePresent, InheritedObjectAceTypePresent","Allow","NT AUTHORITY\ENTERPRISE DOMAIN CONTROLLERS","False","ContainerInherit","InheritOnly"
"DC=sos,DC=labs","Token-Groups","Computer","ReadProperty","Descendents","b7c69e6d-2cc7-11d2-854e-00a0c983f608","bf967a86-0de6-11d0-a285-00aa003049e2","ObjectAceTypePresent, InheritedObjectAceTypePresent","Allow","NT AUTHORITY\ENTERPRISE DOMAIN CONTROLLERS","False","ContainerInherit","InheritOnly"
"DC=sos,DC=labs","DS-Validated-Write-Computer","Computer","Self","Descendents","9b026da6-0d3c-465c-8bee-5199d7165cba","bf967a86-0de6-11d0-a285-00aa003049e2","ObjectAceTypePresent, InheritedObjectAceTypePresent","Allow","NT AUTHORITY\SELF","False","ContainerInherit","InheritOnly"
"DC=sos,DC=labs","Private-Information","All","ReadProperty, WriteProperty, ExtendedRight","Descendents","91e647de-d96f-4b70-9557-d63ff4f3ccd8","00000000-0000-0000-0000-000000000000","ObjectAceTypePresent","Allow","NT AUTHORITY\SELF","False","ContainerInherit","InheritOnly"
"DC=sos,DC=labs","ms-TPM-Tpm-Information-For-Computer","Computer","WriteProperty","Descendents","ea1b7b93-5e48-46d5-bc6c-4df4fda78a35","bf967a86-0de6-11d0-a285-00aa003049e2","ObjectAceTypePresent, InheritedObjectAceTypePresent","Allow","NT AUTHORITY\SELF","False","ContainerInherit","InheritOnly"
"DC=sos,DC=labs","ms-DS-Allowed-To-Act-On-Behalf-Of-Other-Identity","All","ReadProperty, WriteProperty","All","3f78c3e5-f79a-46bd-a0b8-9d18116ddc79","00000000-0000-0000-0000-000000000000","ObjectAceTypePresent","Allow","NT AUTHORITY\SELF","False","ContainerInherit, ObjectInherit","None"
"DC=sos,DC=labs","Enable-Per-User-Reversibly-Encrypted-Password","All","ExtendedRight","None","05c74c5e-4deb-43b4-bd9f-86664c2a7fd5","00000000-0000-0000-0000-000000000000","ObjectAceTypePresent","Allow","NT AUTHORITY\Authenticated Users","False","None","None"
"DC=sos,DC=labs","Unexpire-Password","All","ExtendedRight","None","ccc2dc7d-a6ad-4a7a-8846-c04e3cc53501","00000000-0000-0000-0000-000000000000","ObjectAceTypePresent","Allow","NT AUTHORITY\Authenticated Users","False","None","None"
"DC=sos,DC=labs","Update-Password-Not-Required-Bit","All","ExtendedRight","None","280f369c-67c7-438e-ae98-1d46f3c6f541","00000000-0000-0000-0000-000000000000","ObjectAceTypePresent","Allow","NT AUTHORITY\Authenticated Users","False","None","None"
"DC=sos,DC=labs","Domain-Other-Parameters","All","ReadProperty","None","b8119fd0-04f6-4762-ab7a-4986c76b3f9a","00000000-0000-0000-0000-000000000000","ObjectAceTypePresent","Allow","NT AUTHORITY\Authenticated Users","False","None","None"
"DC=sos,DC=labs","Read-Only-Replication-Secret-Synchronization","All","ExtendedRight","None","1131f6ae-9c07-11d1-f79f-00c04fc2dcd2","00000000-0000-0000-0000-000000000000","ObjectAceTypePresent","Allow","BUILTIN\Administrators","False","None","None"
"DC=sos,DC=labs","DS-Replication-Get-Changes-All","All","ExtendedRight","None","1131f6ad-9c07-11d1-f79f-00c04fc2dcd2","00000000-0000-0000-0000-000000000000","ObjectAceTypePresent","Allow","BUILTIN\Administrators","False","None","None"
"DC=sos,DC=labs","DS-Replication-Manage-Topology","All","ExtendedRight","None","1131f6ac-9c07-11d1-f79f-00c04fc2dcd2","00000000-0000-0000-0000-000000000000","ObjectAceTypePresent","Allow","BUILTIN\Administrators","False","None","None"
"DC=sos,DC=labs","DS-Replication-Synchronize","All","ExtendedRight","None","1131f6ab-9c07-11d1-f79f-00c04fc2dcd2","00000000-0000-0000-0000-000000000000","ObjectAceTypePresent","Allow","BUILTIN\Administrators","False","None","None"
"DC=sos,DC=labs","DS-Replication-Get-Changes","All","ExtendedRight","None","1131f6aa-9c07-11d1-f79f-00c04fc2dcd2","00000000-0000-0000-0000-000000000000","ObjectAceTypePresent","Allow","BUILTIN\Administrators","False","None","None"
"DC=sos,DC=labs","DS-Replication-Get-Changes-In-Filtered-Set","All","ExtendedRight","None","89e95b76-444d-4c62-991a-0facbeda640c","00000000-0000-0000-0000-000000000000","ObjectAceTypePresent","Allow","BUILTIN\Administrators","False","None","None"
"DC=sos,DC=labs","All","User","GenericRead","Descendents","00000000-0000-0000-0000-000000000000","bf967aba-0de6-11d0-a285-00aa003049e2","InheritedObjectAceTypePresent","Allow","S-1-5-32-554","False","ContainerInherit","InheritOnly"
"DC=sos,DC=labs","All","Group","GenericRead","Descendents","00000000-0000-0000-0000-000000000000","bf967a9c-0de6-11d0-a285-00aa003049e2","InheritedObjectAceTypePresent","Allow","S-1-5-32-554","False","ContainerInherit","InheritOnly"
"DC=sos,DC=labs","General-Information","User","ReadProperty","Descendents","59ba2f42-79a2-11d0-9020-00c04fc2d3cf","bf967aba-0de6-11d0-a285-00aa003049e2","ObjectAceTypePresent, InheritedObjectAceTypePresent","Allow","S-1-5-32-554","False","ContainerInherit","InheritOnly"
"DC=sos,DC=labs","All","inetOrgPerson","GenericRead","Descendents","00000000-0000-0000-0000-000000000000","4828cc14-1437-45bc-9b07-ad6f015e5f28","InheritedObjectAceTypePresent","Allow","S-1-5-32-554","False","ContainerInherit","InheritOnly"
"DC=sos,DC=labs","Domain-Other-Parameters","All","ReadProperty","None","b8119fd0-04f6-4762-ab7a-4986c76b3f9a","00000000-0000-0000-0000-000000000000","ObjectAceTypePresent","Allow","S-1-5-32-554","False","None","None"
"DC=sos,DC=labs","RAS-Information","inetOrgPerson","ReadProperty","Descendents","037088f8-0ae1-11d2-b422-00a0c968f939","4828cc14-1437-45bc-9b07-ad6f015e5f28","ObjectAceTypePresent, InheritedObjectAceTypePresent","Allow","S-1-5-32-554","False","ContainerInherit","InheritOnly"
"DC=sos,DC=labs","User-Account-Restrictions","User","ReadProperty","Descendents","4c164200-20c0-11d0-a768-00aa006e0529","bf967aba-0de6-11d0-a285-00aa003049e2","ObjectAceTypePresent, InheritedObjectAceTypePresent","Allow","S-1-5-32-554","False","ContainerInherit","InheritOnly"
"DC=sos,DC=labs","User-Logon","inetOrgPerson","ReadProperty","Descendents","5f202010-79a5-11d0-9020-00c04fc2d4cf","4828cc14-1437-45bc-9b07-ad6f015e5f28","ObjectAceTypePresent, InheritedObjectAceTypePresent","Allow","S-1-5-32-554","False","ContainerInherit","InheritOnly"
"DC=sos,DC=labs","User-Logon","User","ReadProperty","Descendents","5f202010-79a5-11d0-9020-00c04fc2d4cf","bf967aba-0de6-11d0-a285-00aa003049e2","ObjectAceTypePresent, InheritedObjectAceTypePresent","Allow","S-1-5-32-554","False","ContainerInherit","InheritOnly"
"DC=sos,DC=labs","Domain-Password","All","ReadProperty","None","c7407360-20bf-11d0-a768-00aa006e0529","00000000-0000-0000-0000-000000000000","ObjectAceTypePresent","Allow","S-1-5-32-554","False","None","None"
"DC=sos,DC=labs","General-Information","inetOrgPerson","ReadProperty","Descendents","59ba2f42-79a2-11d0-9020-00c04fc2d3cf","4828cc14-1437-45bc-9b07-ad6f015e5f28","ObjectAceTypePresent, InheritedObjectAceTypePresent","Allow","S-1-5-32-554","False","ContainerInherit","InheritOnly"
"DC=sos,DC=labs","RAS-Information","User","ReadProperty","Descendents","037088f8-0ae1-11d2-b422-00a0c968f939","bf967aba-0de6-11d0-a285-00aa003049e2","ObjectAceTypePresent, InheritedObjectAceTypePresent","Allow","S-1-5-32-554","False","ContainerInherit","InheritOnly"
"DC=sos,DC=labs","Membership","User","ReadProperty","Descendents","bc0ac240-79a9-11d0-9020-00c04fc2d4cf","bf967aba-0de6-11d0-a285-00aa003049e2","ObjectAceTypePresent, InheritedObjectAceTypePresent","Allow","S-1-5-32-554","False","ContainerInherit","InheritOnly"
"DC=sos,DC=labs","Membership","inetOrgPerson","ReadProperty","Descendents","bc0ac240-79a9-11d0-9020-00c04fc2d4cf","4828cc14-1437-45bc-9b07-ad6f015e5f28","ObjectAceTypePresent, InheritedObjectAceTypePresent","Allow","S-1-5-32-554","False","ContainerInherit","InheritOnly"
"DC=sos,DC=labs","User-Account-Restrictions","inetOrgPerson","ReadProperty","Descendents","4c164200-20c0-11d0-a768-00aa006e0529","4828cc14-1437-45bc-9b07-ad6f015e5f28","ObjectAceTypePresent, InheritedObjectAceTypePresent","Allow","S-1-5-32-554","False","ContainerInherit","InheritOnly"
"DC=sos,DC=labs","Create-Inbound-Forest-Trust","All","ExtendedRight","None","e2a36dc9-ae17-47c3-b58b-be34c55ba633","00000000-0000-0000-0000-000000000000","ObjectAceTypePresent","Allow","S-1-5-32-557","False","None","None"
"DC=sos,DC=labs","DS-Replication-Get-Changes","All","ExtendedRight","None","1131f6aa-9c07-11d1-f79f-00c04fc2dcd2","00000000-0000-0000-0000-000000000000","ObjectAceTypePresent","Allow","sos\Enterprise Read-only Domain Controllers","False","None","None"
"DC=sos,DC=labs","DS-Replication-Get-Changes-All","All","ExtendedRight","None","1131f6ad-9c07-11d1-f79f-00c04fc2dcd2","00000000-0000-0000-0000-000000000000","ObjectAceTypePresent","Allow","sos\Domain Controllers","False","None","None"
"DC=sos,DC=labs","DS-Clone-Domain-Controller","All","ExtendedRight","None","3e0f7e18-2c7a-4c10-ba82-4d926db99a3e","00000000-0000-0000-0000-000000000000","ObjectAceTypePresent","Allow","sos\Cloneable Domain Controllers","False","None","None"
"DC=sos,DC=labs","ms-DS-Key-Credential-Link","All","ReadProperty, WriteProperty","All","5b47d60f-6090-40b2-9f37-2a4de88f3063","00000000-0000-0000-0000-000000000000","ObjectAceTypePresent","Allow","sos\Key Admins","False","ContainerInherit","None"
"DC=sos,DC=labs","ms-DS-Key-Credential-Link","All","ReadProperty, WriteProperty","All","5b47d60f-6090-40b2-9f37-2a4de88f3063","00000000-0000-0000-0000-000000000000","ObjectAceTypePresent","Allow","sos\Enterprise Key Admins","False","ContainerInherit","None"
"OU=Domain Controllers,DC=sos,DC=labs","All","All","GenericRead","None","00000000-0000-0000-0000-000000000000","00000000-0000-0000-0000-000000000000","None","Allow","NT AUTHORITY\ENTERPRISE DOMAIN CONTROLLERS","False","None","None"
"OU=Domain Controllers,DC=sos,DC=labs","All","All","GenericRead","None","00000000-0000-0000-0000-000000000000","00000000-0000-0000-0000-000000000000","None","Allow","NT AUTHORITY\Authenticated Users","False","None","None"
"OU=Domain Controllers,DC=sos,DC=labs","All","All","GenericAll","None","00000000-0000-0000-0000-000000000000","00000000-0000-0000-0000-000000000000","None","Allow","NT AUTHORITY\SYSTEM","False","None","None"
"OU=Domain Controllers,DC=sos,DC=labs","All","All","CreateChild, Self, WriteProperty, ExtendedRight, GenericRead, WriteDacl, WriteOwner","None","00000000-0000-0000-0000-000000000000","00000000-0000-0000-0000-000000000000","None","Allow","sos\Domain Admins","False","None","None"
"OU=Domain Controllers,DC=sos,DC=labs","User-Account-Restrictions","inetOrgPerson","ReadProperty","Descendents","4c164200-20c0-11d0-a768-00aa006e0529","4828cc14-1437-45bc-9b07-ad6f015e5f28","ObjectAceTypePresent, InheritedObjectAceTypePresent","Allow","S-1-5-32-554","True","ContainerInherit","InheritOnly"
"OU=Domain Controllers,DC=sos,DC=labs","User-Account-Restrictions","User","ReadProperty","Descendents","4c164200-20c0-11d0-a768-00aa006e0529","bf967aba-0de6-11d0-a285-00aa003049e2","ObjectAceTypePresent, InheritedObjectAceTypePresent","Allow","S-1-5-32-554","True","ContainerInherit","InheritOnly"
"OU=Domain Controllers,DC=sos,DC=labs","User-Logon","inetOrgPerson","ReadProperty","Descendents","5f202010-79a5-11d0-9020-00c04fc2d4cf","4828cc14-1437-45bc-9b07-ad6f015e5f28","ObjectAceTypePresent, InheritedObjectAceTypePresent","Allow","S-1-5-32-554","True","ContainerInherit","InheritOnly"
"OU=Domain Controllers,DC=sos,DC=labs","User-Logon","User","ReadProperty","Descendents","5f202010-79a5-11d0-9020-00c04fc2d4cf","bf967aba-0de6-11d0-a285-00aa003049e2","ObjectAceTypePresent, InheritedObjectAceTypePresent","Allow","S-1-5-32-554","True","ContainerInherit","InheritOnly"
"OU=Domain Controllers,DC=sos,DC=labs","Membership","inetOrgPerson","ReadProperty","Descendents","bc0ac240-79a9-11d0-9020-00c04fc2d4cf","4828cc14-1437-45bc-9b07-ad6f015e5f28","ObjectAceTypePresent, InheritedObjectAceTypePresent","Allow","S-1-5-32-554","True","ContainerInherit","InheritOnly"
"OU=Domain Controllers,DC=sos,DC=labs","Membership","User","ReadProperty","Descendents","bc0ac240-79a9-11d0-9020-00c04fc2d4cf","bf967aba-0de6-11d0-a285-00aa003049e2","ObjectAceTypePresent, InheritedObjectAceTypePresent","Allow","S-1-5-32-554","True","ContainerInherit","InheritOnly"
"OU=Domain Controllers,DC=sos,DC=labs","General-Information","inetOrgPerson","ReadProperty","Descendents","59ba2f42-79a2-11d0-9020-00c04fc2d3cf","4828cc14-1437-45bc-9b07-ad6f015e5f28","ObjectAceTypePresent, InheritedObjectAceTypePresent","Allow","S-1-5-32-554","True","ContainerInherit","InheritOnly"
"OU=Domain Controllers,DC=sos,DC=labs","General-Information","User","ReadProperty","Descendents","59ba2f42-79a2-11d0-9020-00c04fc2d3cf","bf967aba-0de6-11d0-a285-00aa003049e2","ObjectAceTypePresent, InheritedObjectAceTypePresent","Allow","S-1-5-32-554","True","ContainerInherit","InheritOnly"
"OU=Domain Controllers,DC=sos,DC=labs","RAS-Information","inetOrgPerson","ReadProperty","Descendents","037088f8-0ae1-11d2-b422-00a0c968f939","4828cc14-1437-45bc-9b07-ad6f015e5f28","ObjectAceTypePresent, InheritedObjectAceTypePresent","Allow","S-1-5-32-554","True","ContainerInherit","InheritOnly"
"OU=Domain Controllers,DC=sos,DC=labs","RAS-Information","User","ReadProperty","Descendents","037088f8-0ae1-11d2-b422-00a0c968f939","bf967aba-0de6-11d0-a285-00aa003049e2","ObjectAceTypePresent, InheritedObjectAceTypePresent","Allow","S-1-5-32-554","True","ContainerInherit","InheritOnly"
"OU=Domain Controllers,DC=sos,DC=labs","ms-DS-Key-Credential-Link","All","ReadProperty, WriteProperty","All","5b47d60f-6090-40b2-9f37-2a4de88f3063","00000000-0000-0000-0000-000000000000","ObjectAceTypePresent","Allow","sos\Key Admins","True","ContainerInherit","None"
"OU=Domain Controllers,DC=sos,DC=labs","ms-DS-Key-Credential-Link","All","ReadProperty, WriteProperty","All","5b47d60f-6090-40b2-9f37-2a4de88f3063","00000000-0000-0000-0000-000000000000","ObjectAceTypePresent","Allow","sos\Enterprise Key Admins","True","ContainerInherit","None"
"OU=Domain Controllers,DC=sos,DC=labs","DS-Validated-Write-Computer","Computer","Self","Descendents","9b026da6-0d3c-465c-8bee-5199d7165cba","bf967a86-0de6-11d0-a285-00aa003049e2","ObjectAceTypePresent, InheritedObjectAceTypePresent","Allow","CREATOR OWNER","True","ContainerInherit","InheritOnly"
"OU=Domain Controllers,DC=sos,DC=labs","DS-Validated-Write-Computer","Computer","Self","Descendents","9b026da6-0d3c-465c-8bee-5199d7165cba","bf967a86-0de6-11d0-a285-00aa003049e2","ObjectAceTypePresent, InheritedObjectAceTypePresent","Allow","NT AUTHORITY\SELF","True","ContainerInherit","InheritOnly"
"OU=Domain Controllers,DC=sos,DC=labs","Token-Groups","Computer","ReadProperty","Descendents","b7c69e6d-2cc7-11d2-854e-00a0c983f608","bf967a86-0de6-11d0-a285-00aa003049e2","ObjectAceTypePresent, InheritedObjectAceTypePresent","Allow","NT AUTHORITY\ENTERPRISE DOMAIN CONTROLLERS","True","ContainerInherit","InheritOnly"
"OU=Domain Controllers,DC=sos,DC=labs","Token-Groups","Group","ReadProperty","Descendents","b7c69e6d-2cc7-11d2-854e-00a0c983f608","bf967a9c-0de6-11d0-a285-00aa003049e2","ObjectAceTypePresent, InheritedObjectAceTypePresent","Allow","NT AUTHORITY\ENTERPRISE DOMAIN CONTROLLERS","True","ContainerInherit","InheritOnly"
"OU=Domain Controllers,DC=sos,DC=labs","Token-Groups","User","ReadProperty","Descendents","b7c69e6d-2cc7-11d2-854e-00a0c983f608","bf967aba-0de6-11d0-a285-00aa003049e2","ObjectAceTypePresent, InheritedObjectAceTypePresent","Allow","NT AUTHORITY\ENTERPRISE DOMAIN CONTROLLERS","True","ContainerInherit","InheritOnly"
"OU=Domain Controllers,DC=sos,DC=labs","ms-TPM-Tpm-Information-For-Computer","Computer","WriteProperty","Descendents","ea1b7b93-5e48-46d5-bc6c-4df4fda78a35","bf967a86-0de6-11d0-a285-00aa003049e2","ObjectAceTypePresent, InheritedObjectAceTypePresent","Allow","NT AUTHORITY\SELF","True","ContainerInherit","InheritOnly"
"OU=Domain Controllers,DC=sos,DC=labs","All","inetOrgPerson","GenericRead","Descendents","00000000-0000-0000-0000-000000000000","4828cc14-1437-45bc-9b07-ad6f015e5f28","InheritedObjectAceTypePresent","Allow","S-1-5-32-554","True","ContainerInherit","InheritOnly"
"OU=Domain Controllers,DC=sos,DC=labs","All","Group","GenericRead","Descendents","00000000-0000-0000-0000-000000000000","bf967a9c-0de6-11d0-a285-00aa003049e2","InheritedObjectAceTypePresent","Allow","S-1-5-32-554","True","ContainerInherit","InheritOnly"
"OU=Domain Controllers,DC=sos,DC=labs","All","User","GenericRead","Descendents","00000000-0000-0000-0000-000000000000","bf967aba-0de6-11d0-a285-00aa003049e2","InheritedObjectAceTypePresent","Allow","S-1-5-32-554","True","ContainerInherit","InheritOnly"
"OU=Domain Controllers,DC=sos,DC=labs","ms-DS-Allowed-To-Act-On-Behalf-Of-Other-Identity","All","ReadProperty, WriteProperty","All","3f78c3e5-f79a-46bd-a0b8-9d18116ddc79","00000000-0000-0000-0000-000000000000","ObjectAceTypePresent","Allow","NT AUTHORITY\SELF","True","ContainerInherit, ObjectInherit","None"
"OU=Domain Controllers,DC=sos,DC=labs","Private-Information","All","ReadProperty, WriteProperty, ExtendedRight","All","91e647de-d96f-4b70-9557-d63ff4f3ccd8","00000000-0000-0000-0000-000000000000","ObjectAceTypePresent","Allow","NT AUTHORITY\SELF","True","ContainerInherit","None"
"OU=Domain Controllers,DC=sos,DC=labs","All","All","GenericAll","All","00000000-0000-0000-0000-000000000000","00000000-0000-0000-0000-000000000000","None","Allow","sos\Enterprise Admins","True","ContainerInherit","None"
"OU=Domain Controllers,DC=sos,DC=labs","All","All","ListChildren","All","00000000-0000-0000-0000-000000000000","00000000-0000-0000-0000-000000000000","None","Allow","S-1-5-32-554","True","ContainerInherit","None"
"OU=Domain Controllers,DC=sos,DC=labs","All","All","CreateChild, Self, WriteProperty, ExtendedRight, Delete, GenericRead, WriteDacl, WriteOwner","All","00000000-0000-0000-0000-000000000000","00000000-0000-0000-0000-000000000000","None","Allow","BUILTIN\Administrators","True","ContainerInherit","None"
"OU=Lab Users,DC=sos,DC=labs","All","All","GenericRead","None","00000000-0000-0000-0000-000000000000","00000000-0000-0000-0000-000000000000","None","Allow","NT AUTHORITY\ENTERPRISE DOMAIN CONTROLLERS","False","None","None"
"OU=Lab Users,DC=sos,DC=labs","All","All","GenericRead","None","00000000-0000-0000-0000-000000000000","00000000-0000-0000-0000-000000000000","None","Allow","NT AUTHORITY\Authenticated Users","False","None","None"
"OU=Lab Users,DC=sos,DC=labs","All","All","GenericAll","None","00000000-0000-0000-0000-000000000000","00000000-0000-0000-0000-000000000000","None","Allow","NT AUTHORITY\SYSTEM","False","None","None"
"OU=Lab Users,DC=sos,DC=labs","All","All","GenericAll","None","00000000-0000-0000-0000-000000000000","00000000-0000-0000-0000-000000000000","None","Allow","sos\Domain Admins","False","None","None"
"OU=Lab Users,DC=sos,DC=labs","User","All","CreateChild, DeleteChild","None","bf967aba-0de6-11d0-a285-00aa003049e2","00000000-0000-0000-0000-000000000000","ObjectAceTypePresent","Allow","S-1-5-32-548","False","None","None"
"OU=Lab Users,DC=sos,DC=labs","Group","All","CreateChild, DeleteChild","None","bf967a9c-0de6-11d0-a285-00aa003049e2","00000000-0000-0000-0000-000000000000","ObjectAceTypePresent","Allow","S-1-5-32-548","False","None","None"
"OU=Lab Users,DC=sos,DC=labs","Computer","All","CreateChild, DeleteChild","None","bf967a86-0de6-11d0-a285-00aa003049e2","00000000-0000-0000-0000-000000000000","ObjectAceTypePresent","Allow","S-1-5-32-548","False","None","None"
"OU=Lab Users,DC=sos,DC=labs","inetOrgPerson","All","CreateChild, DeleteChild","None","4828cc14-1437-45bc-9b07-ad6f015e5f28","00000000-0000-0000-0000-000000000000","ObjectAceTypePresent","Allow","S-1-5-32-548","False","None","None"
"OU=Lab Users,DC=sos,DC=labs","Print-Queue","All","CreateChild, DeleteChild","None","bf967aa8-0de6-11d0-a285-00aa003049e2","00000000-0000-0000-0000-000000000000","ObjectAceTypePresent","Allow","S-1-5-32-550","False","None","None"
"OU=Lab Users,DC=sos,DC=labs","User-Account-Restrictions","inetOrgPerson","ReadProperty","Descendents","4c164200-20c0-11d0-a768-00aa006e0529","4828cc14-1437-45bc-9b07-ad6f015e5f28","ObjectAceTypePresent, InheritedObjectAceTypePresent","Allow","S-1-5-32-554","True","ContainerInherit","InheritOnly"
"OU=Lab Users,DC=sos,DC=labs","User-Account-Restrictions","User","ReadProperty","Descendents","4c164200-20c0-11d0-a768-00aa006e0529","bf967aba-0de6-11d0-a285-00aa003049e2","ObjectAceTypePresent, InheritedObjectAceTypePresent","Allow","S-1-5-32-554","True","ContainerInherit","InheritOnly"
"OU=Lab Users,DC=sos,DC=labs","User-Logon","inetOrgPerson","ReadProperty","Descendents","5f202010-79a5-11d0-9020-00c04fc2d4cf","4828cc14-1437-45bc-9b07-ad6f015e5f28","ObjectAceTypePresent, InheritedObjectAceTypePresent","Allow","S-1-5-32-554","True","ContainerInherit","InheritOnly"
"OU=Lab Users,DC=sos,DC=labs","User-Logon","User","ReadProperty","Descendents","5f202010-79a5-11d0-9020-00c04fc2d4cf","bf967aba-0de6-11d0-a285-00aa003049e2","ObjectAceTypePresent, InheritedObjectAceTypePresent","Allow","S-1-5-32-554","True","ContainerInherit","InheritOnly"
"OU=Lab Users,DC=sos,DC=labs","Membership","inetOrgPerson","ReadProperty","Descendents","bc0ac240-79a9-11d0-9020-00c04fc2d4cf","4828cc14-1437-45bc-9b07-ad6f015e5f28","ObjectAceTypePresent, InheritedObjectAceTypePresent","Allow","S-1-5-32-554","True","ContainerInherit","InheritOnly"
"OU=Lab Users,DC=sos,DC=labs","Membership","User","ReadProperty","Descendents","bc0ac240-79a9-11d0-9020-00c04fc2d4cf","bf967aba-0de6-11d0-a285-00aa003049e2","ObjectAceTypePresent, InheritedObjectAceTypePresent","Allow","S-1-5-32-554","True","ContainerInherit","InheritOnly"
"OU=Lab Users,DC=sos,DC=labs","General-Information","inetOrgPerson","ReadProperty","Descendents","59ba2f42-79a2-11d0-9020-00c04fc2d3cf","4828cc14-1437-45bc-9b07-ad6f015e5f28","ObjectAceTypePresent, InheritedObjectAceTypePresent","Allow","S-1-5-32-554","True","ContainerInherit","InheritOnly"
"OU=Lab Users,DC=sos,DC=labs","General-Information","User","ReadProperty","Descendents","59ba2f42-79a2-11d0-9020-00c04fc2d3cf","bf967aba-0de6-11d0-a285-00aa003049e2","ObjectAceTypePresent, InheritedObjectAceTypePresent","Allow","S-1-5-32-554","True","ContainerInherit","InheritOnly"
"OU=Lab Users,DC=sos,DC=labs","RAS-Information","inetOrgPerson","ReadProperty","Descendents","037088f8-0ae1-11d2-b422-00a0c968f939","4828cc14-1437-45bc-9b07-ad6f015e5f28","ObjectAceTypePresent, InheritedObjectAceTypePresent","Allow","S-1-5-32-554","True","ContainerInherit","InheritOnly"
"OU=Lab Users,DC=sos,DC=labs","RAS-Information","User","ReadProperty","Descendents","037088f8-0ae1-11d2-b422-00a0c968f939","bf967aba-0de6-11d0-a285-00aa003049e2","ObjectAceTypePresent, InheritedObjectAceTypePresent","Allow","S-1-5-32-554","True","ContainerInherit","InheritOnly"
"OU=Lab Users,DC=sos,DC=labs","ms-DS-Key-Credential-Link","All","ReadProperty, WriteProperty","All","5b47d60f-6090-40b2-9f37-2a4de88f3063","00000000-0000-0000-0000-000000000000","ObjectAceTypePresent","Allow","sos\Key Admins","True","ContainerInherit","None"
"OU=Lab Users,DC=sos,DC=labs","ms-DS-Key-Credential-Link","All","ReadProperty, WriteProperty","All","5b47d60f-6090-40b2-9f37-2a4de88f3063","00000000-0000-0000-0000-000000000000","ObjectAceTypePresent","Allow","sos\Enterprise Key Admins","True","ContainerInherit","None"
"OU=Lab Users,DC=sos,DC=labs","DS-Validated-Write-Computer","Computer","Self","Descendents","9b026da6-0d3c-465c-8bee-5199d7165cba","bf967a86-0de6-11d0-a285-00aa003049e2","ObjectAceTypePresent, InheritedObjectAceTypePresent","Allow","CREATOR OWNER","True","ContainerInherit","InheritOnly"
"OU=Lab Users,DC=sos,DC=labs","DS-Validated-Write-Computer","Computer","Self","Descendents","9b026da6-0d3c-465c-8bee-5199d7165cba","bf967a86-0de6-11d0-a285-00aa003049e2","ObjectAceTypePresent, InheritedObjectAceTypePresent","Allow","NT AUTHORITY\SELF","True","ContainerInherit","InheritOnly"
"OU=Lab Users,DC=sos,DC=labs","Token-Groups","Computer","ReadProperty","Descendents","b7c69e6d-2cc7-11d2-854e-00a0c983f608","bf967a86-0de6-11d0-a285-00aa003049e2","ObjectAceTypePresent, InheritedObjectAceTypePresent","Allow","NT AUTHORITY\ENTERPRISE DOMAIN CONTROLLERS","True","ContainerInherit","InheritOnly"
"OU=Lab Users,DC=sos,DC=labs","Token-Groups","Group","ReadProperty","Descendents","b7c69e6d-2cc7-11d2-854e-00a0c983f608","bf967a9c-0de6-11d0-a285-00aa003049e2","ObjectAceTypePresent, InheritedObjectAceTypePresent","Allow","NT AUTHORITY\ENTERPRISE DOMAIN CONTROLLERS","True","ContainerInherit","InheritOnly"
"OU=Lab Users,DC=sos,DC=labs","Token-Groups","User","ReadProperty","Descendents","b7c69e6d-2cc7-11d2-854e-00a0c983f608","bf967aba-0de6-11d0-a285-00aa003049e2","ObjectAceTypePresent, InheritedObjectAceTypePresent","Allow","NT AUTHORITY\ENTERPRISE DOMAIN CONTROLLERS","True","ContainerInherit","InheritOnly"
"OU=Lab Users,DC=sos,DC=labs","ms-TPM-Tpm-Information-For-Computer","Computer","WriteProperty","Descendents","ea1b7b93-5e48-46d5-bc6c-4df4fda78a35","bf967a86-0de6-11d0-a285-00aa003049e2","ObjectAceTypePresent, InheritedObjectAceTypePresent","Allow","NT AUTHORITY\SELF","True","ContainerInherit","InheritOnly"
"OU=Lab Users,DC=sos,DC=labs","All","inetOrgPerson","GenericRead","Descendents","00000000-0000-0000-0000-000000000000","4828cc14-1437-45bc-9b07-ad6f015e5f28","InheritedObjectAceTypePresent","Allow","S-1-5-32-554","True","ContainerInherit","InheritOnly"
"OU=Lab Users,DC=sos,DC=labs","All","Group","GenericRead","Descendents","00000000-0000-0000-0000-000000000000","bf967a9c-0de6-11d0-a285-00aa003049e2","InheritedObjectAceTypePresent","Allow","S-1-5-32-554","True","ContainerInherit","InheritOnly"
"OU=Lab Users,DC=sos,DC=labs","All","User","GenericRead","Descendents","00000000-0000-0000-0000-000000000000","bf967aba-0de6-11d0-a285-00aa003049e2","InheritedObjectAceTypePresent","Allow","S-1-5-32-554","True","ContainerInherit","InheritOnly"
"OU=Lab Users,DC=sos,DC=labs","ms-DS-Allowed-To-Act-On-Behalf-Of-Other-Identity","All","ReadProperty, WriteProperty","All","3f78c3e5-f79a-46bd-a0b8-9d18116ddc79","00000000-0000-0000-0000-000000000000","ObjectAceTypePresent","Allow","NT AUTHORITY\SELF","True","ContainerInherit, ObjectInherit","None"
"OU=Lab Users,DC=sos,DC=labs","Private-Information","All","ReadProperty, WriteProperty, ExtendedRight","All","91e647de-d96f-4b70-9557-d63ff4f3ccd8","00000000-0000-0000-0000-000000000000","ObjectAceTypePresent","Allow","NT AUTHORITY\SELF","True","ContainerInherit","None"
"OU=Lab Users,DC=sos,DC=labs","All","All","GenericAll","All","00000000-0000-0000-0000-000000000000","00000000-0000-0000-0000-000000000000","None","Allow","sos\Enterprise Admins","True","ContainerInherit","None"
"OU=Lab Users,DC=sos,DC=labs","All","All","ListChildren","All","00000000-0000-0000-0000-000000000000","00000000-0000-0000-0000-000000000000","None","Allow","S-1-5-32-554","True","ContainerInherit","None"
"OU=Lab Users,DC=sos,DC=labs","All","All","CreateChild, Self, WriteProperty, ExtendedRight, Delete, GenericRead, WriteDacl, WriteOwner","All","00000000-0000-0000-0000-000000000000","00000000-0000-0000-0000-000000000000","None","Allow","BUILTIN\Administrators","True","ContainerInherit","None"
"OU=Workstations,DC=sos,DC=labs","All","All","GenericRead","None","00000000-0000-0000-0000-000000000000","00000000-0000-0000-0000-000000000000","None","Allow","NT AUTHORITY\ENTERPRISE DOMAIN CONTROLLERS","False","None","None"
"OU=Workstations,DC=sos,DC=labs","All","All","GenericRead","None","00000000-0000-0000-0000-000000000000","00000000-0000-0000-0000-000000000000","None","Allow","NT AUTHORITY\Authenticated Users","False","None","None"
"OU=Workstations,DC=sos,DC=labs","All","All","GenericAll","None","00000000-0000-0000-0000-000000000000","00000000-0000-0000-0000-000000000000","None","Allow","NT AUTHORITY\SYSTEM","False","None","None"
"OU=Workstations,DC=sos,DC=labs","All","All","GenericAll","None","00000000-0000-0000-0000-000000000000","00000000-0000-0000-0000-000000000000","None","Allow","sos\Domain Admins","False","None","None"
"OU=Workstations,DC=sos,DC=labs","ms-Mcs-AdmPwdExpirationTime","Computer","ReadProperty, WriteProperty","Descendents","28e08a61-2b85-4f6e-80ab-7c60e1f5afa1","bf967a86-0de6-11d0-a285-00aa003049e2","ObjectAceTypePresent, InheritedObjectAceTypePresent","Allow","NT AUTHORITY\SELF","False","ContainerInherit","InheritOnly"
"OU=Workstations,DC=sos,DC=labs","ms-Mcs-AdmPwd","Computer","WriteProperty","Descendents","4e912f68-7082-4c9d-855e-e12ad4fc162e","bf967a86-0de6-11d0-a285-00aa003049e2","ObjectAceTypePresent, InheritedObjectAceTypePresent","Allow","NT AUTHORITY\SELF","False","ContainerInherit","InheritOnly"
"OU=Workstations,DC=sos,DC=labs","User","All","CreateChild, DeleteChild","None","bf967aba-0de6-11d0-a285-00aa003049e2","00000000-0000-0000-0000-000000000000","ObjectAceTypePresent","Allow","S-1-5-32-548","False","None","None"
"OU=Workstations,DC=sos,DC=labs","inetOrgPerson","All","CreateChild, DeleteChild","None","4828cc14-1437-45bc-9b07-ad6f015e5f28","00000000-0000-0000-0000-000000000000","ObjectAceTypePresent","Allow","S-1-5-32-548","False","None","None"
"OU=Workstations,DC=sos,DC=labs","Group","All","CreateChild, DeleteChild","None","bf967a9c-0de6-11d0-a285-00aa003049e2","00000000-0000-0000-0000-000000000000","ObjectAceTypePresent","Allow","S-1-5-32-548","False","None","None"
"OU=Workstations,DC=sos,DC=labs","Computer","All","CreateChild, DeleteChild","None","bf967a86-0de6-11d0-a285-00aa003049e2","00000000-0000-0000-0000-000000000000","ObjectAceTypePresent","Allow","S-1-5-32-548","False","None","None"
"OU=Workstations,DC=sos,DC=labs","Print-Queue","All","CreateChild, DeleteChild","None","bf967aa8-0de6-11d0-a285-00aa003049e2","00000000-0000-0000-0000-000000000000","ObjectAceTypePresent","Allow","S-1-5-32-550","False","None","None"
"OU=Workstations,DC=sos,DC=labs","User-Account-Restrictions","inetOrgPerson","ReadProperty","Descendents","4c164200-20c0-11d0-a768-00aa006e0529","4828cc14-1437-45bc-9b07-ad6f015e5f28","ObjectAceTypePresent, InheritedObjectAceTypePresent","Allow","S-1-5-32-554","True","ContainerInherit","InheritOnly"
"OU=Workstations,DC=sos,DC=labs","User-Account-Restrictions","User","ReadProperty","Descendents","4c164200-20c0-11d0-a768-00aa006e0529","bf967aba-0de6-11d0-a285-00aa003049e2","ObjectAceTypePresent, InheritedObjectAceTypePresent","Allow","S-1-5-32-554","True","ContainerInherit","InheritOnly"
"OU=Workstations,DC=sos,DC=labs","User-Logon","inetOrgPerson","ReadProperty","Descendents","5f202010-79a5-11d0-9020-00c04fc2d4cf","4828cc14-1437-45bc-9b07-ad6f015e5f28","ObjectAceTypePresent, InheritedObjectAceTypePresent","Allow","S-1-5-32-554","True","ContainerInherit","InheritOnly"
"OU=Workstations,DC=sos,DC=labs","User-Logon","User","ReadProperty","Descendents","5f202010-79a5-11d0-9020-00c04fc2d4cf","bf967aba-0de6-11d0-a285-00aa003049e2","ObjectAceTypePresent, InheritedObjectAceTypePresent","Allow","S-1-5-32-554","True","ContainerInherit","InheritOnly"
"OU=Workstations,DC=sos,DC=labs","Membership","inetOrgPerson","ReadProperty","Descendents","bc0ac240-79a9-11d0-9020-00c04fc2d4cf","4828cc14-1437-45bc-9b07-ad6f015e5f28","ObjectAceTypePresent, InheritedObjectAceTypePresent","Allow","S-1-5-32-554","True","ContainerInherit","InheritOnly"
"OU=Workstations,DC=sos,DC=labs","Membership","User","ReadProperty","Descendents","bc0ac240-79a9-11d0-9020-00c04fc2d4cf","bf967aba-0de6-11d0-a285-00aa003049e2","ObjectAceTypePresent, InheritedObjectAceTypePresent","Allow","S-1-5-32-554","True","ContainerInherit","InheritOnly"
"OU=Workstations,DC=sos,DC=labs","General-Information","inetOrgPerson","ReadProperty","Descendents","59ba2f42-79a2-11d0-9020-00c04fc2d3cf","4828cc14-1437-45bc-9b07-ad6f015e5f28","ObjectAceTypePresent, InheritedObjectAceTypePresent","Allow","S-1-5-32-554","True","ContainerInherit","InheritOnly"
"OU=Workstations,DC=sos,DC=labs","General-Information","User","ReadProperty","Descendents","59ba2f42-79a2-11d0-9020-00c04fc2d3cf","bf967aba-0de6-11d0-a285-00aa003049e2","ObjectAceTypePresent, InheritedObjectAceTypePresent","Allow","S-1-5-32-554","True","ContainerInherit","InheritOnly"
"OU=Workstations,DC=sos,DC=labs","RAS-Information","inetOrgPerson","ReadProperty","Descendents","037088f8-0ae1-11d2-b422-00a0c968f939","4828cc14-1437-45bc-9b07-ad6f015e5f28","ObjectAceTypePresent, InheritedObjectAceTypePresent","Allow","S-1-5-32-554","True","ContainerInherit","InheritOnly"
"OU=Workstations,DC=sos,DC=labs","RAS-Information","User","ReadProperty","Descendents","037088f8-0ae1-11d2-b422-00a0c968f939","bf967aba-0de6-11d0-a285-00aa003049e2","ObjectAceTypePresent, InheritedObjectAceTypePresent","Allow","S-1-5-32-554","True","ContainerInherit","InheritOnly"
"OU=Workstations,DC=sos,DC=labs","ms-DS-Key-Credential-Link","All","ReadProperty, WriteProperty","All","5b47d60f-6090-40b2-9f37-2a4de88f3063","00000000-0000-0000-0000-000000000000","ObjectAceTypePresent","Allow","sos\Key Admins","True","ContainerInherit","None"
"OU=Workstations,DC=sos,DC=labs","ms-DS-Key-Credential-Link","All","ReadProperty, WriteProperty","All","5b47d60f-6090-40b2-9f37-2a4de88f3063","00000000-0000-0000-0000-000000000000","ObjectAceTypePresent","Allow","sos\Enterprise Key Admins","True","ContainerInherit","None"
"OU=Workstations,DC=sos,DC=labs","DS-Validated-Write-Computer","Computer","Self","Descendents","9b026da6-0d3c-465c-8bee-5199d7165cba","bf967a86-0de6-11d0-a285-00aa003049e2","ObjectAceTypePresent, InheritedObjectAceTypePresent","Allow","CREATOR OWNER","True","ContainerInherit","InheritOnly"
"OU=Workstations,DC=sos,DC=labs","DS-Validated-Write-Computer","Computer","Self","Descendents","9b026da6-0d3c-465c-8bee-5199d7165cba","bf967a86-0de6-11d0-a285-00aa003049e2","ObjectAceTypePresent, InheritedObjectAceTypePresent","Allow","NT AUTHORITY\SELF","True","ContainerInherit","InheritOnly"
"OU=Workstations,DC=sos,DC=labs","Token-Groups","Computer","ReadProperty","Descendents","b7c69e6d-2cc7-11d2-854e-00a0c983f608","bf967a86-0de6-11d0-a285-00aa003049e2","ObjectAceTypePresent, InheritedObjectAceTypePresent","Allow","NT AUTHORITY\ENTERPRISE DOMAIN CONTROLLERS","True","ContainerInherit","InheritOnly"
"OU=Workstations,DC=sos,DC=labs","Token-Groups","Group","ReadProperty","Descendents","b7c69e6d-2cc7-11d2-854e-00a0c983f608","bf967a9c-0de6-11d0-a285-00aa003049e2","ObjectAceTypePresent, InheritedObjectAceTypePresent","Allow","NT AUTHORITY\ENTERPRISE DOMAIN CONTROLLERS","True","ContainerInherit","InheritOnly"
"OU=Workstations,DC=sos,DC=labs","Token-Groups","User","ReadProperty","Descendents","b7c69e6d-2cc7-11d2-854e-00a0c983f608","bf967aba-0de6-11d0-a285-00aa003049e2","ObjectAceTypePresent, InheritedObjectAceTypePresent","Allow","NT AUTHORITY\ENTERPRISE DOMAIN CONTROLLERS","True","ContainerInherit","InheritOnly"
"OU=Workstations,DC=sos,DC=labs","ms-TPM-Tpm-Information-For-Computer","Computer","WriteProperty","Descendents","ea1b7b93-5e48-46d5-bc6c-4df4fda78a35","bf967a86-0de6-11d0-a285-00aa003049e2","ObjectAceTypePresent, InheritedObjectAceTypePresent","Allow","NT AUTHORITY\SELF","True","ContainerInherit","InheritOnly"
"OU=Workstations,DC=sos,DC=labs","All","inetOrgPerson","GenericRead","Descendents","00000000-0000-0000-0000-000000000000","4828cc14-1437-45bc-9b07-ad6f015e5f28","InheritedObjectAceTypePresent","Allow","S-1-5-32-554","True","ContainerInherit","InheritOnly"
"OU=Workstations,DC=sos,DC=labs","All","Group","GenericRead","Descendents","00000000-0000-0000-0000-000000000000","bf967a9c-0de6-11d0-a285-00aa003049e2","InheritedObjectAceTypePresent","Allow","S-1-5-32-554","True","ContainerInherit","InheritOnly"
"OU=Workstations,DC=sos,DC=labs","All","User","GenericRead","Descendents","00000000-0000-0000-0000-000000000000","bf967aba-0de6-11d0-a285-00aa003049e2","InheritedObjectAceTypePresent","Allow","S-1-5-32-554","True","ContainerInherit","InheritOnly"
"OU=Workstations,DC=sos,DC=labs","ms-DS-Allowed-To-Act-On-Behalf-Of-Other-Identity","All","ReadProperty, WriteProperty","All","3f78c3e5-f79a-46bd-a0b8-9d18116ddc79","00000000-0000-0000-0000-000000000000","ObjectAceTypePresent","Allow","NT AUTHORITY\SELF","True","ContainerInherit, ObjectInherit","None"
"OU=Workstations,DC=sos,DC=labs","Private-Information","All","ReadProperty, WriteProperty, ExtendedRight","All","91e647de-d96f-4b70-9557-d63ff4f3ccd8","00000000-0000-0000-0000-000000000000","ObjectAceTypePresent","Allow","NT AUTHORITY\SELF","True","ContainerInherit","None"
"OU=Workstations,DC=sos,DC=labs","All","All","GenericAll","All","00000000-0000-0000-0000-000000000000","00000000-0000-0000-0000-000000000000","None","Allow","sos\Enterprise Admins","True","ContainerInherit","None"
"OU=Workstations,DC=sos,DC=labs","All","All","ListChildren","All","00000000-0000-0000-0000-000000000000","00000000-0000-0000-0000-000000000000","None","Allow","S-1-5-32-554","True","ContainerInherit","None"
"OU=Workstations,DC=sos,DC=labs","All","All","CreateChild, Self, WriteProperty, ExtendedRight, Delete, GenericRead, WriteDacl, WriteOwner","All","00000000-0000-0000-0000-000000000000","00000000-0000-0000-0000-000000000000","None","Allow","BUILTIN\Administrators","True","ContainerInherit","None"
"CN=Computers,DC=sos,DC=labs","All","All","GenericRead","None","00000000-0000-0000-0000-000000000000","00000000-0000-0000-0000-000000000000","None","Allow","NT AUTHORITY\Authenticated Users","False","None","None"
"CN=Computers,DC=sos,DC=labs","All","All","GenericAll","None","00000000-0000-0000-0000-000000000000","00000000-0000-0000-0000-000000000000","None","Allow","NT AUTHORITY\SYSTEM","False","None","None"
"CN=Computers,DC=sos,DC=labs","All","All","CreateChild, DeleteChild, Self, WriteProperty, ExtendedRight, GenericRead, WriteDacl, WriteOwner","None","00000000-0000-0000-0000-000000000000","00000000-0000-0000-0000-000000000000","None","Allow","sos\Domain Admins","False","None","None"
"CN=Computers,DC=sos,DC=labs","User","All","CreateChild, DeleteChild","None","bf967aba-0de6-11d0-a285-00aa003049e2","00000000-0000-0000-0000-000000000000","ObjectAceTypePresent","Allow","S-1-5-32-548","False","None","None"
"CN=Computers,DC=sos,DC=labs","Group","All","CreateChild, DeleteChild","None","bf967a9c-0de6-11d0-a285-00aa003049e2","00000000-0000-0000-0000-000000000000","ObjectAceTypePresent","Allow","S-1-5-32-548","False","None","None"
"CN=Computers,DC=sos,DC=labs","Computer","All","CreateChild, DeleteChild","None","bf967a86-0de6-11d0-a285-00aa003049e2","00000000-0000-0000-0000-000000000000","ObjectAceTypePresent","Allow","S-1-5-32-548","False","None","None"
"CN=Computers,DC=sos,DC=labs","inetOrgPerson","All","CreateChild, DeleteChild","None","4828cc14-1437-45bc-9b07-ad6f015e5f28","00000000-0000-0000-0000-000000000000","ObjectAceTypePresent","Allow","S-1-5-32-548","False","None","None"
"CN=Computers,DC=sos,DC=labs","Print-Queue","All","CreateChild, DeleteChild","None","bf967aa8-0de6-11d0-a285-00aa003049e2","00000000-0000-0000-0000-000000000000","ObjectAceTypePresent","Allow","S-1-5-32-550","False","None","None"
"CN=Computers,DC=sos,DC=labs","User-Account-Restrictions","inetOrgPerson","ReadProperty","Descendents","4c164200-20c0-11d0-a768-00aa006e0529","4828cc14-1437-45bc-9b07-ad6f015e5f28","ObjectAceTypePresent, InheritedObjectAceTypePresent","Allow","S-1-5-32-554","True","ContainerInherit","InheritOnly"
"CN=Computers,DC=sos,DC=labs","User-Account-Restrictions","User","ReadProperty","Descendents","4c164200-20c0-11d0-a768-00aa006e0529","bf967aba-0de6-11d0-a285-00aa003049e2","ObjectAceTypePresent, InheritedObjectAceTypePresent","Allow","S-1-5-32-554","True","ContainerInherit","InheritOnly"
"CN=Computers,DC=sos,DC=labs","User-Logon","inetOrgPerson","ReadProperty","Descendents","5f202010-79a5-11d0-9020-00c04fc2d4cf","4828cc14-1437-45bc-9b07-ad6f015e5f28","ObjectAceTypePresent, InheritedObjectAceTypePresent","Allow","S-1-5-32-554","True","ContainerInherit","InheritOnly"
"CN=Computers,DC=sos,DC=labs","User-Logon","User","ReadProperty","Descendents","5f202010-79a5-11d0-9020-00c04fc2d4cf","bf967aba-0de6-11d0-a285-00aa003049e2","ObjectAceTypePresent, InheritedObjectAceTypePresent","Allow","S-1-5-32-554","True","ContainerInherit","InheritOnly"
"CN=Computers,DC=sos,DC=labs","Membership","inetOrgPerson","ReadProperty","Descendents","bc0ac240-79a9-11d0-9020-00c04fc2d4cf","4828cc14-1437-45bc-9b07-ad6f015e5f28","ObjectAceTypePresent, InheritedObjectAceTypePresent","Allow","S-1-5-32-554","True","ContainerInherit","InheritOnly"
"CN=Computers,DC=sos,DC=labs","Membership","User","ReadProperty","Descendents","bc0ac240-79a9-11d0-9020-00c04fc2d4cf","bf967aba-0de6-11d0-a285-00aa003049e2","ObjectAceTypePresent, InheritedObjectAceTypePresent","Allow","S-1-5-32-554","True","ContainerInherit","InheritOnly"
"CN=Computers,DC=sos,DC=labs","General-Information","inetOrgPerson","ReadProperty","Descendents","59ba2f42-79a2-11d0-9020-00c04fc2d3cf","4828cc14-1437-45bc-9b07-ad6f015e5f28","ObjectAceTypePresent, InheritedObjectAceTypePresent","Allow","S-1-5-32-554","True","ContainerInherit","InheritOnly"
"CN=Computers,DC=sos,DC=labs","General-Information","User","ReadProperty","Descendents","59ba2f42-79a2-11d0-9020-00c04fc2d3cf","bf967aba-0de6-11d0-a285-00aa003049e2","ObjectAceTypePresent, InheritedObjectAceTypePresent","Allow","S-1-5-32-554","True","ContainerInherit","InheritOnly"
"CN=Computers,DC=sos,DC=labs","RAS-Information","inetOrgPerson","ReadProperty","Descendents","037088f8-0ae1-11d2-b422-00a0c968f939","4828cc14-1437-45bc-9b07-ad6f015e5f28","ObjectAceTypePresent, InheritedObjectAceTypePresent","Allow","S-1-5-32-554","True","ContainerInherit","InheritOnly"
"CN=Computers,DC=sos,DC=labs","RAS-Information","User","ReadProperty","Descendents","037088f8-0ae1-11d2-b422-00a0c968f939","bf967aba-0de6-11d0-a285-00aa003049e2","ObjectAceTypePresent, InheritedObjectAceTypePresent","Allow","S-1-5-32-554","True","ContainerInherit","InheritOnly"
"CN=Computers,DC=sos,DC=labs","ms-DS-Key-Credential-Link","All","ReadProperty, WriteProperty","All","5b47d60f-6090-40b2-9f37-2a4de88f3063","00000000-0000-0000-0000-000000000000","ObjectAceTypePresent","Allow","sos\Key Admins","True","ContainerInherit","None"
"CN=Computers,DC=sos,DC=labs","ms-DS-Key-Credential-Link","All","ReadProperty, WriteProperty","All","5b47d60f-6090-40b2-9f37-2a4de88f3063","00000000-0000-0000-0000-000000000000","ObjectAceTypePresent","Allow","sos\Enterprise Key Admins","True","ContainerInherit","None"
"CN=Computers,DC=sos,DC=labs","DS-Validated-Write-Computer","Computer","Self","Descendents","9b026da6-0d3c-465c-8bee-5199d7165cba","bf967a86-0de6-11d0-a285-00aa003049e2","ObjectAceTypePresent, InheritedObjectAceTypePresent","Allow","CREATOR OWNER","True","ContainerInherit","InheritOnly"
"CN=Computers,DC=sos,DC=labs","DS-Validated-Write-Computer","Computer","Self","Descendents","9b026da6-0d3c-465c-8bee-5199d7165cba","bf967a86-0de6-11d0-a285-00aa003049e2","ObjectAceTypePresent, InheritedObjectAceTypePresent","Allow","NT AUTHORITY\SELF","True","ContainerInherit","InheritOnly"
"CN=Computers,DC=sos,DC=labs","Token-Groups","Computer","ReadProperty","Descendents","b7c69e6d-2cc7-11d2-854e-00a0c983f608","bf967a86-0de6-11d0-a285-00aa003049e2","ObjectAceTypePresent, InheritedObjectAceTypePresent","Allow","NT AUTHORITY\ENTERPRISE DOMAIN CONTROLLERS","True","ContainerInherit","InheritOnly"
"CN=Computers,DC=sos,DC=labs","Token-Groups","Group","ReadProperty","Descendents","b7c69e6d-2cc7-11d2-854e-00a0c983f608","bf967a9c-0de6-11d0-a285-00aa003049e2","ObjectAceTypePresent, InheritedObjectAceTypePresent","Allow","NT AUTHORITY\ENTERPRISE DOMAIN CONTROLLERS","True","ContainerInherit","InheritOnly"
"CN=Computers,DC=sos,DC=labs","Token-Groups","User","ReadProperty","Descendents","b7c69e6d-2cc7-11d2-854e-00a0c983f608","bf967aba-0de6-11d0-a285-00aa003049e2","ObjectAceTypePresent, InheritedObjectAceTypePresent","Allow","NT AUTHORITY\ENTERPRISE DOMAIN CONTROLLERS","True","ContainerInherit","InheritOnly"
"CN=Computers,DC=sos,DC=labs","ms-TPM-Tpm-Information-For-Computer","Computer","WriteProperty","Descendents","ea1b7b93-5e48-46d5-bc6c-4df4fda78a35","bf967a86-0de6-11d0-a285-00aa003049e2","ObjectAceTypePresent, InheritedObjectAceTypePresent","Allow","NT AUTHORITY\SELF","True","ContainerInherit","InheritOnly"
"CN=Computers,DC=sos,DC=labs","All","inetOrgPerson","GenericRead","Descendents","00000000-0000-0000-0000-000000000000","4828cc14-1437-45bc-9b07-ad6f015e5f28","InheritedObjectAceTypePresent","Allow","S-1-5-32-554","True","ContainerInherit","InheritOnly"
"CN=Computers,DC=sos,DC=labs","All","Group","GenericRead","Descendents","00000000-0000-0000-0000-000000000000","bf967a9c-0de6-11d0-a285-00aa003049e2","InheritedObjectAceTypePresent","Allow","S-1-5-32-554","True","ContainerInherit","InheritOnly"
"CN=Computers,DC=sos,DC=labs","All","User","GenericRead","Descendents","00000000-0000-0000-0000-000000000000","bf967aba-0de6-11d0-a285-00aa003049e2","InheritedObjectAceTypePresent","Allow","S-1-5-32-554","True","ContainerInherit","InheritOnly"
"CN=Computers,DC=sos,DC=labs","ms-DS-Allowed-To-Act-On-Behalf-Of-Other-Identity","All","ReadProperty, WriteProperty","All","3f78c3e5-f79a-46bd-a0b8-9d18116ddc79","00000000-0000-0000-0000-000000000000","ObjectAceTypePresent","Allow","NT AUTHORITY\SELF","True","ContainerInherit, ObjectInherit","None"
"CN=Computers,DC=sos,DC=labs","Private-Information","All","ReadProperty, WriteProperty, ExtendedRight","All","91e647de-d96f-4b70-9557-d63ff4f3ccd8","00000000-0000-0000-0000-000000000000","ObjectAceTypePresent","Allow","NT AUTHORITY\SELF","True","ContainerInherit","None"
"CN=Computers,DC=sos,DC=labs","All","All","GenericAll","All","00000000-0000-0000-0000-000000000000","00000000-0000-0000-0000-000000000000","None","Allow","sos\Enterprise Admins","True","ContainerInherit","None"
"CN=Computers,DC=sos,DC=labs","All","All","ListChildren","All","00000000-0000-0000-0000-000000000000","00000000-0000-0000-0000-000000000000","None","Allow","S-1-5-32-554","True","ContainerInherit","None"
"CN=Computers,DC=sos,DC=labs","All","All","CreateChild, Self, WriteProperty, ExtendedRight, Delete, GenericRead, WriteDacl, WriteOwner","All","00000000-0000-0000-0000-000000000000","00000000-0000-0000-0000-000000000000","None","Allow","BUILTIN\Administrators","True","ContainerInherit","None"
"CN=ForeignSecurityPrincipals,DC=sos,DC=labs","All","All","GenericRead","None","00000000-0000-0000-0000-000000000000","00000000-0000-0000-0000-000000000000","None","Allow","NT AUTHORITY\Authenticated Users","False","None","None"
"CN=ForeignSecurityPrincipals,DC=sos,DC=labs","All","All","GenericAll","None","00000000-0000-0000-0000-000000000000","00000000-0000-0000-0000-000000000000","None","Allow","NT AUTHORITY\SYSTEM","False","None","None"
"CN=ForeignSecurityPrincipals,DC=sos,DC=labs","All","All","GenericAll","None","00000000-0000-0000-0000-000000000000","00000000-0000-0000-0000-000000000000","None","Allow","sos\Domain Admins","False","None","None"
"CN=ForeignSecurityPrincipals,DC=sos,DC=labs","User-Account-Restrictions","inetOrgPerson","ReadProperty","Descendents","4c164200-20c0-11d0-a768-00aa006e0529","4828cc14-1437-45bc-9b07-ad6f015e5f28","ObjectAceTypePresent, InheritedObjectAceTypePresent","Allow","S-1-5-32-554","True","ContainerInherit","InheritOnly"
"CN=ForeignSecurityPrincipals,DC=sos,DC=labs","User-Account-Restrictions","User","ReadProperty","Descendents","4c164200-20c0-11d0-a768-00aa006e0529","bf967aba-0de6-11d0-a285-00aa003049e2","ObjectAceTypePresent, InheritedObjectAceTypePresent","Allow","S-1-5-32-554","True","ContainerInherit","InheritOnly"
"CN=ForeignSecurityPrincipals,DC=sos,DC=labs","User-Logon","inetOrgPerson","ReadProperty","Descendents","5f202010-79a5-11d0-9020-00c04fc2d4cf","4828cc14-1437-45bc-9b07-ad6f015e5f28","ObjectAceTypePresent, InheritedObjectAceTypePresent","Allow","S-1-5-32-554","True","ContainerInherit","InheritOnly"
"CN=ForeignSecurityPrincipals,DC=sos,DC=labs","User-Logon","User","ReadProperty","Descendents","5f202010-79a5-11d0-9020-00c04fc2d4cf","bf967aba-0de6-11d0-a285-00aa003049e2","ObjectAceTypePresent, InheritedObjectAceTypePresent","Allow","S-1-5-32-554","True","ContainerInherit","InheritOnly"
"CN=ForeignSecurityPrincipals,DC=sos,DC=labs","Membership","inetOrgPerson","ReadProperty","Descendents","bc0ac240-79a9-11d0-9020-00c04fc2d4cf","4828cc14-1437-45bc-9b07-ad6f015e5f28","ObjectAceTypePresent, InheritedObjectAceTypePresent","Allow","S-1-5-32-554","True","ContainerInherit","InheritOnly"
"CN=ForeignSecurityPrincipals,DC=sos,DC=labs","Membership","User","ReadProperty","Descendents","bc0ac240-79a9-11d0-9020-00c04fc2d4cf","bf967aba-0de6-11d0-a285-00aa003049e2","ObjectAceTypePresent, InheritedObjectAceTypePresent","Allow","S-1-5-32-554","True","ContainerInherit","InheritOnly"
"CN=ForeignSecurityPrincipals,DC=sos,DC=labs","General-Information","inetOrgPerson","ReadProperty","Descendents","59ba2f42-79a2-11d0-9020-00c04fc2d3cf","4828cc14-1437-45bc-9b07-ad6f015e5f28","ObjectAceTypePresent, InheritedObjectAceTypePresent","Allow","S-1-5-32-554","True","ContainerInherit","InheritOnly"
"CN=ForeignSecurityPrincipals,DC=sos,DC=labs","General-Information","User","ReadProperty","Descendents","59ba2f42-79a2-11d0-9020-00c04fc2d3cf","bf967aba-0de6-11d0-a285-00aa003049e2","ObjectAceTypePresent, InheritedObjectAceTypePresent","Allow","S-1-5-32-554","True","ContainerInherit","InheritOnly"
"CN=ForeignSecurityPrincipals,DC=sos,DC=labs","RAS-Information","inetOrgPerson","ReadProperty","Descendents","037088f8-0ae1-11d2-b422-00a0c968f939","4828cc14-1437-45bc-9b07-ad6f015e5f28","ObjectAceTypePresent, InheritedObjectAceTypePresent","Allow","S-1-5-32-554","True","ContainerInherit","InheritOnly"
"CN=ForeignSecurityPrincipals,DC=sos,DC=labs","RAS-Information","User","ReadProperty","Descendents","037088f8-0ae1-11d2-b422-00a0c968f939","bf967aba-0de6-11d0-a285-00aa003049e2","ObjectAceTypePresent, InheritedObjectAceTypePresent","Allow","S-1-5-32-554","True","ContainerInherit","InheritOnly"
"CN=ForeignSecurityPrincipals,DC=sos,DC=labs","ms-DS-Key-Credential-Link","All","ReadProperty, WriteProperty","All","5b47d60f-6090-40b2-9f37-2a4de88f3063","00000000-0000-0000-0000-000000000000","ObjectAceTypePresent","Allow","sos\Key Admins","True","ContainerInherit","None"
"CN=ForeignSecurityPrincipals,DC=sos,DC=labs","ms-DS-Key-Credential-Link","All","ReadProperty, WriteProperty","All","5b47d60f-6090-40b2-9f37-2a4de88f3063","00000000-0000-0000-0000-000000000000","ObjectAceTypePresent","Allow","sos\Enterprise Key Admins","True","ContainerInherit","None"
"CN=ForeignSecurityPrincipals,DC=sos,DC=labs","DS-Validated-Write-Computer","Computer","Self","Descendents","9b026da6-0d3c-465c-8bee-5199d7165cba","bf967a86-0de6-11d0-a285-00aa003049e2","ObjectAceTypePresent, InheritedObjectAceTypePresent","Allow","CREATOR OWNER","True","ContainerInherit","InheritOnly"
"CN=ForeignSecurityPrincipals,DC=sos,DC=labs","DS-Validated-Write-Computer","Computer","Self","Descendents","9b026da6-0d3c-465c-8bee-5199d7165cba","bf967a86-0de6-11d0-a285-00aa003049e2","ObjectAceTypePresent, InheritedObjectAceTypePresent","Allow","NT AUTHORITY\SELF","True","ContainerInherit","InheritOnly"
"CN=ForeignSecurityPrincipals,DC=sos,DC=labs","Token-Groups","Computer","ReadProperty","Descendents","b7c69e6d-2cc7-11d2-854e-00a0c983f608","bf967a86-0de6-11d0-a285-00aa003049e2","ObjectAceTypePresent, InheritedObjectAceTypePresent","Allow","NT AUTHORITY\ENTERPRISE DOMAIN CONTROLLERS","True","ContainerInherit","InheritOnly"
"CN=ForeignSecurityPrincipals,DC=sos,DC=labs","Token-Groups","Group","ReadProperty","Descendents","b7c69e6d-2cc7-11d2-854e-00a0c983f608","bf967a9c-0de6-11d0-a285-00aa003049e2","ObjectAceTypePresent, InheritedObjectAceTypePresent","Allow","NT AUTHORITY\ENTERPRISE DOMAIN CONTROLLERS","True","ContainerInherit","InheritOnly"
"CN=ForeignSecurityPrincipals,DC=sos,DC=labs","Token-Groups","User","ReadProperty","Descendents","b7c69e6d-2cc7-11d2-854e-00a0c983f608","bf967aba-0de6-11d0-a285-00aa003049e2","ObjectAceTypePresent, InheritedObjectAceTypePresent","Allow","NT AUTHORITY\ENTERPRISE DOMAIN CONTROLLERS","True","ContainerInherit","InheritOnly"
"CN=ForeignSecurityPrincipals,DC=sos,DC=labs","ms-TPM-Tpm-Information-For-Computer","Computer","WriteProperty","Descendents","ea1b7b93-5e48-46d5-bc6c-4df4fda78a35","bf967a86-0de6-11d0-a285-00aa003049e2","ObjectAceTypePresent, InheritedObjectAceTypePresent","Allow","NT AUTHORITY\SELF","True","ContainerInherit","InheritOnly"
"CN=ForeignSecurityPrincipals,DC=sos,DC=labs","All","inetOrgPerson","GenericRead","Descendents","00000000-0000-0000-0000-000000000000","4828cc14-1437-45bc-9b07-ad6f015e5f28","InheritedObjectAceTypePresent","Allow","S-1-5-32-554","True","ContainerInherit","InheritOnly"
"CN=ForeignSecurityPrincipals,DC=sos,DC=labs","All","Group","GenericRead","Descendents","00000000-0000-0000-0000-000000000000","bf967a9c-0de6-11d0-a285-00aa003049e2","InheritedObjectAceTypePresent","Allow","S-1-5-32-554","True","ContainerInherit","InheritOnly"
"CN=ForeignSecurityPrincipals,DC=sos,DC=labs","All","User","GenericRead","Descendents","00000000-0000-0000-0000-000000000000","bf967aba-0de6-11d0-a285-00aa003049e2","InheritedObjectAceTypePresent","Allow","S-1-5-32-554","True","ContainerInherit","InheritOnly"
"CN=ForeignSecurityPrincipals,DC=sos,DC=labs","ms-DS-Allowed-To-Act-On-Behalf-Of-Other-Identity","All","ReadProperty, WriteProperty","All","3f78c3e5-f79a-46bd-a0b8-9d18116ddc79","00000000-0000-0000-0000-000000000000","ObjectAceTypePresent","Allow","NT AUTHORITY\SELF","True","ContainerInherit, ObjectInherit","None"
"CN=ForeignSecurityPrincipals,DC=sos,DC=labs","Private-Information","All","ReadProperty, WriteProperty, ExtendedRight","All","91e647de-d96f-4b70-9557-d63ff4f3ccd8","00000000-0000-0000-0000-000000000000","ObjectAceTypePresent","Allow","NT AUTHORITY\SELF","True","ContainerInherit","None"
"CN=ForeignSecurityPrincipals,DC=sos,DC=labs","All","All","GenericAll","All","00000000-0000-0000-0000-000000000000","00000000-0000-0000-0000-000000000000","None","Allow","sos\Enterprise Admins","True","ContainerInherit","None"
"CN=ForeignSecurityPrincipals,DC=sos,DC=labs","All","All","ListChildren","All","00000000-0000-0000-0000-000000000000","00000000-0000-0000-0000-000000000000","None","Allow","S-1-5-32-554","True","ContainerInherit","None"
"CN=ForeignSecurityPrincipals,DC=sos,DC=labs","All","All","CreateChild, Self, WriteProperty, ExtendedRight, Delete, GenericRead, WriteDacl, WriteOwner","All","00000000-0000-0000-0000-000000000000","00000000-0000-0000-0000-000000000000","None","Allow","BUILTIN\Administrators","True","ContainerInherit","None"
"CN=Managed Service Accounts,DC=sos,DC=labs","All","All","GenericRead","None","00000000-0000-0000-0000-000000000000","00000000-0000-0000-0000-000000000000","None","Allow","NT AUTHORITY\Authenticated Users","False","None","None"
"CN=Managed Service Accounts,DC=sos,DC=labs","All","All","GenericAll","None","00000000-0000-0000-0000-000000000000","00000000-0000-0000-0000-000000000000","None","Allow","NT AUTHORITY\SYSTEM","False","None","None"
"CN=Managed Service Accounts,DC=sos,DC=labs","All","All","CreateChild, DeleteChild, Self, WriteProperty, ExtendedRight, GenericRead, WriteDacl, WriteOwner","None","00000000-0000-0000-0000-000000000000","00000000-0000-0000-0000-000000000000","None","Allow","sos\Domain Admins","False","None","None"
"CN=Managed Service Accounts,DC=sos,DC=labs","User","All","CreateChild, DeleteChild","None","bf967aba-0de6-11d0-a285-00aa003049e2","00000000-0000-0000-0000-000000000000","ObjectAceTypePresent","Allow","S-1-5-32-548","False","None","None"
"CN=Managed Service Accounts,DC=sos,DC=labs","Group","All","CreateChild, DeleteChild","None","bf967a9c-0de6-11d0-a285-00aa003049e2","00000000-0000-0000-0000-000000000000","ObjectAceTypePresent","Allow","S-1-5-32-548","False","None","None"
"CN=Managed Service Accounts,DC=sos,DC=labs","ms-DS-Managed-Service-Account","All","CreateChild, DeleteChild","None","ce206244-5827-4a86-ba1c-1c0c386c1b64","00000000-0000-0000-0000-000000000000","ObjectAceTypePresent","Allow","S-1-5-32-548","False","None","None"
"CN=Managed Service Accounts,DC=sos,DC=labs","User-Account-Restrictions","inetOrgPerson","ReadProperty","Descendents","4c164200-20c0-11d0-a768-00aa006e0529","4828cc14-1437-45bc-9b07-ad6f015e5f28","ObjectAceTypePresent, InheritedObjectAceTypePresent","Allow","S-1-5-32-554","True","ContainerInherit","InheritOnly"
"CN=Managed Service Accounts,DC=sos,DC=labs","User-Account-Restrictions","User","ReadProperty","Descendents","4c164200-20c0-11d0-a768-00aa006e0529","bf967aba-0de6-11d0-a285-00aa003049e2","ObjectAceTypePresent, InheritedObjectAceTypePresent","Allow","S-1-5-32-554","True","ContainerInherit","InheritOnly"
"CN=Managed Service Accounts,DC=sos,DC=labs","User-Logon","inetOrgPerson","ReadProperty","Descendents","5f202010-79a5-11d0-9020-00c04fc2d4cf","4828cc14-1437-45bc-9b07-ad6f015e5f28","ObjectAceTypePresent, InheritedObjectAceTypePresent","Allow","S-1-5-32-554","True","ContainerInherit","InheritOnly"
"CN=Managed Service Accounts,DC=sos,DC=labs","User-Logon","User","ReadProperty","Descendents","5f202010-79a5-11d0-9020-00c04fc2d4cf","bf967aba-0de6-11d0-a285-00aa003049e2","ObjectAceTypePresent, InheritedObjectAceTypePresent","Allow","S-1-5-32-554","True","ContainerInherit","InheritOnly"
"CN=Managed Service Accounts,DC=sos,DC=labs","Membership","inetOrgPerson","ReadProperty","Descendents","bc0ac240-79a9-11d0-9020-00c04fc2d4cf","4828cc14-1437-45bc-9b07-ad6f015e5f28","ObjectAceTypePresent, InheritedObjectAceTypePresent","Allow","S-1-5-32-554","True","ContainerInherit","InheritOnly"
"CN=Managed Service Accounts,DC=sos,DC=labs","Membership","User","ReadProperty","Descendents","bc0ac240-79a9-11d0-9020-00c04fc2d4cf","bf967aba-0de6-11d0-a285-00aa003049e2","ObjectAceTypePresent, InheritedObjectAceTypePresent","Allow","S-1-5-32-554","True","ContainerInherit","InheritOnly"
"CN=Managed Service Accounts,DC=sos,DC=labs","General-Information","inetOrgPerson","ReadProperty","Descendents","59ba2f42-79a2-11d0-9020-00c04fc2d3cf","4828cc14-1437-45bc-9b07-ad6f015e5f28","ObjectAceTypePresent, InheritedObjectAceTypePresent","Allow","S-1-5-32-554","True","ContainerInherit","InheritOnly"
"CN=Managed Service Accounts,DC=sos,DC=labs","General-Information","User","ReadProperty","Descendents","59ba2f42-79a2-11d0-9020-00c04fc2d3cf","bf967aba-0de6-11d0-a285-00aa003049e2","ObjectAceTypePresent, InheritedObjectAceTypePresent","Allow","S-1-5-32-554","True","ContainerInherit","InheritOnly"
"CN=Managed Service Accounts,DC=sos,DC=labs","RAS-Information","inetOrgPerson","ReadProperty","Descendents","037088f8-0ae1-11d2-b422-00a0c968f939","4828cc14-1437-45bc-9b07-ad6f015e5f28","ObjectAceTypePresent, InheritedObjectAceTypePresent","Allow","S-1-5-32-554","True","ContainerInherit","InheritOnly"
"CN=Managed Service Accounts,DC=sos,DC=labs","RAS-Information","User","ReadProperty","Descendents","037088f8-0ae1-11d2-b422-00a0c968f939","bf967aba-0de6-11d0-a285-00aa003049e2","ObjectAceTypePresent, InheritedObjectAceTypePresent","Allow","S-1-5-32-554","True","ContainerInherit","InheritOnly"
"CN=Managed Service Accounts,DC=sos,DC=labs","ms-DS-Key-Credential-Link","All","ReadProperty, WriteProperty","All","5b47d60f-6090-40b2-9f37-2a4de88f3063","00000000-0000-0000-0000-000000000000","ObjectAceTypePresent","Allow","sos\Key Admins","True","ContainerInherit","None"
"CN=Managed Service Accounts,DC=sos,DC=labs","ms-DS-Key-Credential-Link","All","ReadProperty, WriteProperty","All","5b47d60f-6090-40b2-9f37-2a4de88f3063","00000000-0000-0000-0000-000000000000","ObjectAceTypePresent","Allow","sos\Enterprise Key Admins","True","ContainerInherit","None"
"CN=Managed Service Accounts,DC=sos,DC=labs","DS-Validated-Write-Computer","Computer","Self","Descendents","9b026da6-0d3c-465c-8bee-5199d7165cba","bf967a86-0de6-11d0-a285-00aa003049e2","ObjectAceTypePresent, InheritedObjectAceTypePresent","Allow","CREATOR OWNER","True","ContainerInherit","InheritOnly"
"CN=Managed Service Accounts,DC=sos,DC=labs","DS-Validated-Write-Computer","Computer","Self","Descendents","9b026da6-0d3c-465c-8bee-5199d7165cba","bf967a86-0de6-11d0-a285-00aa003049e2","ObjectAceTypePresent, InheritedObjectAceTypePresent","Allow","NT AUTHORITY\SELF","True","ContainerInherit","InheritOnly"
"CN=Managed Service Accounts,DC=sos,DC=labs","Token-Groups","Computer","ReadProperty","Descendents","b7c69e6d-2cc7-11d2-854e-00a0c983f608","bf967a86-0de6-11d0-a285-00aa003049e2","ObjectAceTypePresent, InheritedObjectAceTypePresent","Allow","NT AUTHORITY\ENTERPRISE DOMAIN CONTROLLERS","True","ContainerInherit","InheritOnly"
"CN=Managed Service Accounts,DC=sos,DC=labs","Token-Groups","Group","ReadProperty","Descendents","b7c69e6d-2cc7-11d2-854e-00a0c983f608","bf967a9c-0de6-11d0-a285-00aa003049e2","ObjectAceTypePresent, InheritedObjectAceTypePresent","Allow","NT AUTHORITY\ENTERPRISE DOMAIN CONTROLLERS","True","ContainerInherit","InheritOnly"
"CN=Managed Service Accounts,DC=sos,DC=labs","Token-Groups","User","ReadProperty","Descendents","b7c69e6d-2cc7-11d2-854e-00a0c983f608","bf967aba-0de6-11d0-a285-00aa003049e2","ObjectAceTypePresent, InheritedObjectAceTypePresent","Allow","NT AUTHORITY\ENTERPRISE DOMAIN CONTROLLERS","True","ContainerInherit","InheritOnly"
"CN=Managed Service Accounts,DC=sos,DC=labs","ms-TPM-Tpm-Information-For-Computer","Computer","WriteProperty","Descendents","ea1b7b93-5e48-46d5-bc6c-4df4fda78a35","bf967a86-0de6-11d0-a285-00aa003049e2","ObjectAceTypePresent, InheritedObjectAceTypePresent","Allow","NT AUTHORITY\SELF","True","ContainerInherit","InheritOnly"
"CN=Managed Service Accounts,DC=sos,DC=labs","All","inetOrgPerson","GenericRead","Descendents","00000000-0000-0000-0000-000000000000","4828cc14-1437-45bc-9b07-ad6f015e5f28","InheritedObjectAceTypePresent","Allow","S-1-5-32-554","True","ContainerInherit","InheritOnly"
"CN=Managed Service Accounts,DC=sos,DC=labs","All","Group","GenericRead","Descendents","00000000-0000-0000-0000-000000000000","bf967a9c-0de6-11d0-a285-00aa003049e2","InheritedObjectAceTypePresent","Allow","S-1-5-32-554","True","ContainerInherit","InheritOnly"
"CN=Managed Service Accounts,DC=sos,DC=labs","All","User","GenericRead","Descendents","00000000-0000-0000-0000-000000000000","bf967aba-0de6-11d0-a285-00aa003049e2","InheritedObjectAceTypePresent","Allow","S-1-5-32-554","True","ContainerInherit","InheritOnly"
"CN=Managed Service Accounts,DC=sos,DC=labs","ms-DS-Allowed-To-Act-On-Behalf-Of-Other-Identity","All","ReadProperty, WriteProperty","All","3f78c3e5-f79a-46bd-a0b8-9d18116ddc79","00000000-0000-0000-0000-000000000000","ObjectAceTypePresent","Allow","NT AUTHORITY\SELF","True","ContainerInherit, ObjectInherit","None"
"CN=Managed Service Accounts,DC=sos,DC=labs","Private-Information","All","ReadProperty, WriteProperty, ExtendedRight","All","91e647de-d96f-4b70-9557-d63ff4f3ccd8","00000000-0000-0000-0000-000000000000","ObjectAceTypePresent","Allow","NT AUTHORITY\SELF","True","ContainerInherit","None"
"CN=Managed Service Accounts,DC=sos,DC=labs","All","All","GenericAll","All","00000000-0000-0000-0000-000000000000","00000000-0000-0000-0000-000000000000","None","Allow","sos\Enterprise Admins","True","ContainerInherit","None"
"CN=Managed Service Accounts,DC=sos,DC=labs","All","All","ListChildren","All","00000000-0000-0000-0000-000000000000","00000000-0000-0000-0000-000000000000","None","Allow","S-1-5-32-554","True","ContainerInherit","None"
"CN=Managed Service Accounts,DC=sos,DC=labs","All","All","CreateChild, Self, WriteProperty, ExtendedRight, Delete, GenericRead, WriteDacl, WriteOwner","All","00000000-0000-0000-0000-000000000000","00000000-0000-0000-0000-000000000000","None","Allow","BUILTIN\Administrators","True","ContainerInherit","None"
"CN=Program Data,DC=sos,DC=labs","All","All","GenericRead","None","00000000-0000-0000-0000-000000000000","00000000-0000-0000-0000-000000000000","None","Allow","NT AUTHORITY\Authenticated Users","False","None","None"
"CN=Program Data,DC=sos,DC=labs","All","All","GenericAll","None","00000000-0000-0000-0000-000000000000","00000000-0000-0000-0000-000000000000","None","Allow","NT AUTHORITY\SYSTEM","False","None","None"
"CN=Program Data,DC=sos,DC=labs","All","All","GenericAll","None","00000000-0000-0000-0000-000000000000","00000000-0000-0000-0000-000000000000","None","Allow","sos\Domain Admins","False","None","None"
"CN=Program Data,DC=sos,DC=labs","User-Account-Restrictions","inetOrgPerson","ReadProperty","Descendents","4c164200-20c0-11d0-a768-00aa006e0529","4828cc14-1437-45bc-9b07-ad6f015e5f28","ObjectAceTypePresent, InheritedObjectAceTypePresent","Allow","S-1-5-32-554","True","ContainerInherit","InheritOnly"
"CN=Program Data,DC=sos,DC=labs","User-Account-Restrictions","User","ReadProperty","Descendents","4c164200-20c0-11d0-a768-00aa006e0529","bf967aba-0de6-11d0-a285-00aa003049e2","ObjectAceTypePresent, InheritedObjectAceTypePresent","Allow","S-1-5-32-554","True","ContainerInherit","InheritOnly"
"CN=Program Data,DC=sos,DC=labs","User-Logon","inetOrgPerson","ReadProperty","Descendents","5f202010-79a5-11d0-9020-00c04fc2d4cf","4828cc14-1437-45bc-9b07-ad6f015e5f28","ObjectAceTypePresent, InheritedObjectAceTypePresent","Allow","S-1-5-32-554","True","ContainerInherit","InheritOnly"
"CN=Program Data,DC=sos,DC=labs","User-Logon","User","ReadProperty","Descendents","5f202010-79a5-11d0-9020-00c04fc2d4cf","bf967aba-0de6-11d0-a285-00aa003049e2","ObjectAceTypePresent, InheritedObjectAceTypePresent","Allow","S-1-5-32-554","True","ContainerInherit","InheritOnly"
"CN=Program Data,DC=sos,DC=labs","Membership","inetOrgPerson","ReadProperty","Descendents","bc0ac240-79a9-11d0-9020-00c04fc2d4cf","4828cc14-1437-45bc-9b07-ad6f015e5f28","ObjectAceTypePresent, InheritedObjectAceTypePresent","Allow","S-1-5-32-554","True","ContainerInherit","InheritOnly"
"CN=Program Data,DC=sos,DC=labs","Membership","User","ReadProperty","Descendents","bc0ac240-79a9-11d0-9020-00c04fc2d4cf","bf967aba-0de6-11d0-a285-00aa003049e2","ObjectAceTypePresent, InheritedObjectAceTypePresent","Allow","S-1-5-32-554","True","ContainerInherit","InheritOnly"
"CN=Program Data,DC=sos,DC=labs","General-Information","inetOrgPerson","ReadProperty","Descendents","59ba2f42-79a2-11d0-9020-00c04fc2d3cf","4828cc14-1437-45bc-9b07-ad6f015e5f28","ObjectAceTypePresent, InheritedObjectAceTypePresent","Allow","S-1-5-32-554","True","ContainerInherit","InheritOnly"
"CN=Program Data,DC=sos,DC=labs","General-Information","User","ReadProperty","Descendents","59ba2f42-79a2-11d0-9020-00c04fc2d3cf","bf967aba-0de6-11d0-a285-00aa003049e2","ObjectAceTypePresent, InheritedObjectAceTypePresent","Allow","S-1-5-32-554","True","ContainerInherit","InheritOnly"
"CN=Program Data,DC=sos,DC=labs","RAS-Information","inetOrgPerson","ReadProperty","Descendents","037088f8-0ae1-11d2-b422-00a0c968f939","4828cc14-1437-45bc-9b07-ad6f015e5f28","ObjectAceTypePresent, InheritedObjectAceTypePresent","Allow","S-1-5-32-554","True","ContainerInherit","InheritOnly"
"CN=Program Data,DC=sos,DC=labs","RAS-Information","User","ReadProperty","Descendents","037088f8-0ae1-11d2-b422-00a0c968f939","bf967aba-0de6-11d0-a285-00aa003049e2","ObjectAceTypePresent, InheritedObjectAceTypePresent","Allow","S-1-5-32-554","True","ContainerInherit","InheritOnly"
"CN=Program Data,DC=sos,DC=labs","ms-DS-Key-Credential-Link","All","ReadProperty, WriteProperty","All","5b47d60f-6090-40b2-9f37-2a4de88f3063","00000000-0000-0000-0000-000000000000","ObjectAceTypePresent","Allow","sos\Key Admins","True","ContainerInherit","None"
"CN=Program Data,DC=sos,DC=labs","ms-DS-Key-Credential-Link","All","ReadProperty, WriteProperty","All","5b47d60f-6090-40b2-9f37-2a4de88f3063","00000000-0000-0000-0000-000000000000","ObjectAceTypePresent","Allow","sos\Enterprise Key Admins","True","ContainerInherit","None"
"CN=Program Data,DC=sos,DC=labs","DS-Validated-Write-Computer","Computer","Self","Descendents","9b026da6-0d3c-465c-8bee-5199d7165cba","bf967a86-0de6-11d0-a285-00aa003049e2","ObjectAceTypePresent, InheritedObjectAceTypePresent","Allow","CREATOR OWNER","True","ContainerInherit","InheritOnly"
"CN=Program Data,DC=sos,DC=labs","DS-Validated-Write-Computer","Computer","Self","Descendents","9b026da6-0d3c-465c-8bee-5199d7165cba","bf967a86-0de6-11d0-a285-00aa003049e2","ObjectAceTypePresent, InheritedObjectAceTypePresent","Allow","NT AUTHORITY\SELF","True","ContainerInherit","InheritOnly"
"CN=Program Data,DC=sos,DC=labs","Token-Groups","Computer","ReadProperty","Descendents","b7c69e6d-2cc7-11d2-854e-00a0c983f608","bf967a86-0de6-11d0-a285-00aa003049e2","ObjectAceTypePresent, InheritedObjectAceTypePresent","Allow","NT AUTHORITY\ENTERPRISE DOMAIN CONTROLLERS","True","ContainerInherit","InheritOnly"
"CN=Program Data,DC=sos,DC=labs","Token-Groups","Group","ReadProperty","Descendents","b7c69e6d-2cc7-11d2-854e-00a0c983f608","bf967a9c-0de6-11d0-a285-00aa003049e2","ObjectAceTypePresent, InheritedObjectAceTypePresent","Allow","NT AUTHORITY\ENTERPRISE DOMAIN CONTROLLERS","True","ContainerInherit","InheritOnly"
"CN=Program Data,DC=sos,DC=labs","Token-Groups","User","ReadProperty","Descendents","b7c69e6d-2cc7-11d2-854e-00a0c983f608","bf967aba-0de6-11d0-a285-00aa003049e2","ObjectAceTypePresent, InheritedObjectAceTypePresent","Allow","NT AUTHORITY\ENTERPRISE DOMAIN CONTROLLERS","True","ContainerInherit","InheritOnly"
"CN=Program Data,DC=sos,DC=labs","ms-TPM-Tpm-Information-For-Computer","Computer","WriteProperty","Descendents","ea1b7b93-5e48-46d5-bc6c-4df4fda78a35","bf967a86-0de6-11d0-a285-00aa003049e2","ObjectAceTypePresent, InheritedObjectAceTypePresent","Allow","NT AUTHORITY\SELF","True","ContainerInherit","InheritOnly"
"CN=Program Data,DC=sos,DC=labs","All","inetOrgPerson","GenericRead","Descendents","00000000-0000-0000-0000-000000000000","4828cc14-1437-45bc-9b07-ad6f015e5f28","InheritedObjectAceTypePresent","Allow","S-1-5-32-554","True","ContainerInherit","InheritOnly"
"CN=Program Data,DC=sos,DC=labs","All","Group","GenericRead","Descendents","00000000-0000-0000-0000-000000000000","bf967a9c-0de6-11d0-a285-00aa003049e2","InheritedObjectAceTypePresent","Allow","S-1-5-32-554","True","ContainerInherit","InheritOnly"
"CN=Program Data,DC=sos,DC=labs","All","User","GenericRead","Descendents","00000000-0000-0000-0000-000000000000","bf967aba-0de6-11d0-a285-00aa003049e2","InheritedObjectAceTypePresent","Allow","S-1-5-32-554","True","ContainerInherit","InheritOnly"
"CN=Program Data,DC=sos,DC=labs","ms-DS-Allowed-To-Act-On-Behalf-Of-Other-Identity","All","ReadProperty, WriteProperty","All","3f78c3e5-f79a-46bd-a0b8-9d18116ddc79","00000000-0000-0000-0000-000000000000","ObjectAceTypePresent","Allow","NT AUTHORITY\SELF","True","ContainerInherit, ObjectInherit","None"
"CN=Program Data,DC=sos,DC=labs","Private-Information","All","ReadProperty, WriteProperty, ExtendedRight","All","91e647de-d96f-4b70-9557-d63ff4f3ccd8","00000000-0000-0000-0000-000000000000","ObjectAceTypePresent","Allow","NT AUTHORITY\SELF","True","ContainerInherit","None"
"CN=Program Data,DC=sos,DC=labs","All","All","GenericAll","All","00000000-0000-0000-0000-000000000000","00000000-0000-0000-0000-000000000000","None","Allow","sos\Enterprise Admins","True","ContainerInherit","None"
"CN=Program Data,DC=sos,DC=labs","All","All","ListChildren","All","00000000-0000-0000-0000-000000000000","00000000-0000-0000-0000-000000000000","None","Allow","S-1-5-32-554","True","ContainerInherit","None"
"CN=Program Data,DC=sos,DC=labs","All","All","CreateChild, Self, WriteProperty, ExtendedRight, Delete, GenericRead, WriteDacl, WriteOwner","All","00000000-0000-0000-0000-000000000000","00000000-0000-0000-0000-000000000000","None","Allow","BUILTIN\Administrators","True","ContainerInherit","None"
"CN=System,DC=sos,DC=labs","All","All","GenericRead","None","00000000-0000-0000-0000-000000000000","00000000-0000-0000-0000-000000000000","None","Allow","NT AUTHORITY\Authenticated Users","False","None","None"
"CN=System,DC=sos,DC=labs","All","All","GenericAll","None","00000000-0000-0000-0000-000000000000","00000000-0000-0000-0000-000000000000","None","Allow","NT AUTHORITY\SYSTEM","False","None","None"
"CN=System,DC=sos,DC=labs","All","All","CreateChild, Self, WriteProperty, ExtendedRight, GenericRead, WriteDacl, WriteOwner","None","00000000-0000-0000-0000-000000000000","00000000-0000-0000-0000-000000000000","None","Allow","sos\Domain Admins","False","None","None"
"CN=System,DC=sos,DC=labs","User-Account-Restrictions","inetOrgPerson","ReadProperty","Descendents","4c164200-20c0-11d0-a768-00aa006e0529","4828cc14-1437-45bc-9b07-ad6f015e5f28","ObjectAceTypePresent, InheritedObjectAceTypePresent","Allow","S-1-5-32-554","True","ContainerInherit","InheritOnly"
"CN=System,DC=sos,DC=labs","User-Account-Restrictions","User","ReadProperty","Descendents","4c164200-20c0-11d0-a768-00aa006e0529","bf967aba-0de6-11d0-a285-00aa003049e2","ObjectAceTypePresent, InheritedObjectAceTypePresent","Allow","S-1-5-32-554","True","ContainerInherit","InheritOnly"
"CN=System,DC=sos,DC=labs","User-Logon","inetOrgPerson","ReadProperty","Descendents","5f202010-79a5-11d0-9020-00c04fc2d4cf","4828cc14-1437-45bc-9b07-ad6f015e5f28","ObjectAceTypePresent, InheritedObjectAceTypePresent","Allow","S-1-5-32-554","True","ContainerInherit","InheritOnly"
"CN=System,DC=sos,DC=labs","User-Logon","User","ReadProperty","Descendents","5f202010-79a5-11d0-9020-00c04fc2d4cf","bf967aba-0de6-11d0-a285-00aa003049e2","ObjectAceTypePresent, InheritedObjectAceTypePresent","Allow","S-1-5-32-554","True","ContainerInherit","InheritOnly"
"CN=System,DC=sos,DC=labs","Membership","inetOrgPerson","ReadProperty","Descendents","bc0ac240-79a9-11d0-9020-00c04fc2d4cf","4828cc14-1437-45bc-9b07-ad6f015e5f28","ObjectAceTypePresent, InheritedObjectAceTypePresent","Allow","S-1-5-32-554","True","ContainerInherit","InheritOnly"
"CN=System,DC=sos,DC=labs","Membership","User","ReadProperty","Descendents","bc0ac240-79a9-11d0-9020-00c04fc2d4cf","bf967aba-0de6-11d0-a285-00aa003049e2","ObjectAceTypePresent, InheritedObjectAceTypePresent","Allow","S-1-5-32-554","True","ContainerInherit","InheritOnly"
"CN=System,DC=sos,DC=labs","General-Information","inetOrgPerson","ReadProperty","Descendents","59ba2f42-79a2-11d0-9020-00c04fc2d3cf","4828cc14-1437-45bc-9b07-ad6f015e5f28","ObjectAceTypePresent, InheritedObjectAceTypePresent","Allow","S-1-5-32-554","True","ContainerInherit","InheritOnly"
"CN=System,DC=sos,DC=labs","General-Information","User","ReadProperty","Descendents","59ba2f42-79a2-11d0-9020-00c04fc2d3cf","bf967aba-0de6-11d0-a285-00aa003049e2","ObjectAceTypePresent, InheritedObjectAceTypePresent","Allow","S-1-5-32-554","True","ContainerInherit","InheritOnly"
"CN=System,DC=sos,DC=labs","RAS-Information","inetOrgPerson","ReadProperty","Descendents","037088f8-0ae1-11d2-b422-00a0c968f939","4828cc14-1437-45bc-9b07-ad6f015e5f28","ObjectAceTypePresent, InheritedObjectAceTypePresent","Allow","S-1-5-32-554","True","ContainerInherit","InheritOnly"
"CN=System,DC=sos,DC=labs","RAS-Information","User","ReadProperty","Descendents","037088f8-0ae1-11d2-b422-00a0c968f939","bf967aba-0de6-11d0-a285-00aa003049e2","ObjectAceTypePresent, InheritedObjectAceTypePresent","Allow","S-1-5-32-554","True","ContainerInherit","InheritOnly"
"CN=System,DC=sos,DC=labs","ms-DS-Key-Credential-Link","All","ReadProperty, WriteProperty","All","5b47d60f-6090-40b2-9f37-2a4de88f3063","00000000-0000-0000-0000-000000000000","ObjectAceTypePresent","Allow","sos\Key Admins","True","ContainerInherit","None"
"CN=System,DC=sos,DC=labs","ms-DS-Key-Credential-Link","All","ReadProperty, WriteProperty","All","5b47d60f-6090-40b2-9f37-2a4de88f3063","00000000-0000-0000-0000-000000000000","ObjectAceTypePresent","Allow","sos\Enterprise Key Admins","True","ContainerInherit","None"
"CN=System,DC=sos,DC=labs","DS-Validated-Write-Computer","Computer","Self","Descendents","9b026da6-0d3c-465c-8bee-5199d7165cba","bf967a86-0de6-11d0-a285-00aa003049e2","ObjectAceTypePresent, InheritedObjectAceTypePresent","Allow","CREATOR OWNER","True","ContainerInherit","InheritOnly"
"CN=System,DC=sos,DC=labs","DS-Validated-Write-Computer","Computer","Self","Descendents","9b026da6-0d3c-465c-8bee-5199d7165cba","bf967a86-0de6-11d0-a285-00aa003049e2","ObjectAceTypePresent, InheritedObjectAceTypePresent","Allow","NT AUTHORITY\SELF","True","ContainerInherit","InheritOnly"
"CN=System,DC=sos,DC=labs","Token-Groups","Computer","ReadProperty","Descendents","b7c69e6d-2cc7-11d2-854e-00a0c983f608","bf967a86-0de6-11d0-a285-00aa003049e2","ObjectAceTypePresent, InheritedObjectAceTypePresent","Allow","NT AUTHORITY\ENTERPRISE DOMAIN CONTROLLERS","True","ContainerInherit","InheritOnly"
"CN=System,DC=sos,DC=labs","Token-Groups","Group","ReadProperty","Descendents","b7c69e6d-2cc7-11d2-854e-00a0c983f608","bf967a9c-0de6-11d0-a285-00aa003049e2","ObjectAceTypePresent, InheritedObjectAceTypePresent","Allow","NT AUTHORITY\ENTERPRISE DOMAIN CONTROLLERS","True","ContainerInherit","InheritOnly"
"CN=System,DC=sos,DC=labs","Token-Groups","User","ReadProperty","Descendents","b7c69e6d-2cc7-11d2-854e-00a0c983f608","bf967aba-0de6-11d0-a285-00aa003049e2","ObjectAceTypePresent, InheritedObjectAceTypePresent","Allow","NT AUTHORITY\ENTERPRISE DOMAIN CONTROLLERS","True","ContainerInherit","InheritOnly"
"CN=System,DC=sos,DC=labs","ms-TPM-Tpm-Information-For-Computer","Computer","WriteProperty","Descendents","ea1b7b93-5e48-46d5-bc6c-4df4fda78a35","bf967a86-0de6-11d0-a285-00aa003049e2","ObjectAceTypePresent, InheritedObjectAceTypePresent","Allow","NT AUTHORITY\SELF","True","ContainerInherit","InheritOnly"
"CN=System,DC=sos,DC=labs","All","inetOrgPerson","GenericRead","Descendents","00000000-0000-0000-0000-000000000000","4828cc14-1437-45bc-9b07-ad6f015e5f28","InheritedObjectAceTypePresent","Allow","S-1-5-32-554","True","ContainerInherit","InheritOnly"
"CN=System,DC=sos,DC=labs","All","Group","GenericRead","Descendents","00000000-0000-0000-0000-000000000000","bf967a9c-0de6-11d0-a285-00aa003049e2","InheritedObjectAceTypePresent","Allow","S-1-5-32-554","True","ContainerInherit","InheritOnly"
"CN=System,DC=sos,DC=labs","All","User","GenericRead","Descendents","00000000-0000-0000-0000-000000000000","bf967aba-0de6-11d0-a285-00aa003049e2","InheritedObjectAceTypePresent","Allow","S-1-5-32-554","True","ContainerInherit","InheritOnly"
"CN=System,DC=sos,DC=labs","ms-DS-Allowed-To-Act-On-Behalf-Of-Other-Identity","All","ReadProperty, WriteProperty","All","3f78c3e5-f79a-46bd-a0b8-9d18116ddc79","00000000-0000-0000-0000-000000000000","ObjectAceTypePresent","Allow","NT AUTHORITY\SELF","True","ContainerInherit, ObjectInherit","None"
"CN=System,DC=sos,DC=labs","Private-Information","All","ReadProperty, WriteProperty, ExtendedRight","All","91e647de-d96f-4b70-9557-d63ff4f3ccd8","00000000-0000-0000-0000-000000000000","ObjectAceTypePresent","Allow","NT AUTHORITY\SELF","True","ContainerInherit","None"
"CN=System,DC=sos,DC=labs","All","All","GenericAll","All","00000000-0000-0000-0000-000000000000","00000000-0000-0000-0000-000000000000","None","Allow","sos\Enterprise Admins","True","ContainerInherit","None"
"CN=System,DC=sos,DC=labs","All","All","ListChildren","All","00000000-0000-0000-0000-000000000000","00000000-0000-0000-0000-000000000000","None","Allow","S-1-5-32-554","True","ContainerInherit","None"
"CN=System,DC=sos,DC=labs","All","All","CreateChild, Self, WriteProperty, ExtendedRight, Delete, GenericRead, WriteDacl, WriteOwner","All","00000000-0000-0000-0000-000000000000","00000000-0000-0000-0000-000000000000","None","Allow","BUILTIN\Administrators","True","ContainerInherit","None"
"CN=Users,DC=sos,DC=labs","All","All","GenericRead","None","00000000-0000-0000-0000-000000000000","00000000-0000-0000-0000-000000000000","None","Allow","NT AUTHORITY\Authenticated Users","False","None","None"
"CN=Users,DC=sos,DC=labs","All","All","GenericAll","None","00000000-0000-0000-0000-000000000000","00000000-0000-0000-0000-000000000000","None","Allow","NT AUTHORITY\SYSTEM","False","None","None"
"CN=Users,DC=sos,DC=labs","All","All","CreateChild, DeleteChild, Self, WriteProperty, ExtendedRight, GenericRead, WriteDacl, WriteOwner","None","00000000-0000-0000-0000-000000000000","00000000-0000-0000-0000-000000000000","None","Allow","sos\Domain Admins","False","None","None"
"CN=Users,DC=sos,DC=labs","Group","All","CreateChild, DeleteChild","None","bf967a9c-0de6-11d0-a285-00aa003049e2","00000000-0000-0000-0000-000000000000","ObjectAceTypePresent","Allow","S-1-5-32-548","False","None","None"
"CN=Users,DC=sos,DC=labs","User","All","CreateChild, DeleteChild","None","bf967aba-0de6-11d0-a285-00aa003049e2","00000000-0000-0000-0000-000000000000","ObjectAceTypePresent","Allow","S-1-5-32-548","False","None","None"
"CN=Users,DC=sos,DC=labs","inetOrgPerson","All","CreateChild, DeleteChild","None","4828cc14-1437-45bc-9b07-ad6f015e5f28","00000000-0000-0000-0000-000000000000","ObjectAceTypePresent","Allow","S-1-5-32-548","False","None","None"
"CN=Users,DC=sos,DC=labs","Print-Queue","All","CreateChild, DeleteChild","None","bf967aa8-0de6-11d0-a285-00aa003049e2","00000000-0000-0000-0000-000000000000","ObjectAceTypePresent","Allow","S-1-5-32-550","False","None","None"
"CN=Users,DC=sos,DC=labs","User-Account-Restrictions","inetOrgPerson","ReadProperty","Descendents","4c164200-20c0-11d0-a768-00aa006e0529","4828cc14-1437-45bc-9b07-ad6f015e5f28","ObjectAceTypePresent, InheritedObjectAceTypePresent","Allow","S-1-5-32-554","True","ContainerInherit","InheritOnly"
"CN=Users,DC=sos,DC=labs","User-Account-Restrictions","User","ReadProperty","Descendents","4c164200-20c0-11d0-a768-00aa006e0529","bf967aba-0de6-11d0-a285-00aa003049e2","ObjectAceTypePresent, InheritedObjectAceTypePresent","Allow","S-1-5-32-554","True","ContainerInherit","InheritOnly"
"CN=Users,DC=sos,DC=labs","User-Logon","inetOrgPerson","ReadProperty","Descendents","5f202010-79a5-11d0-9020-00c04fc2d4cf","4828cc14-1437-45bc-9b07-ad6f015e5f28","ObjectAceTypePresent, InheritedObjectAceTypePresent","Allow","S-1-5-32-554","True","ContainerInherit","InheritOnly"
"CN=Users,DC=sos,DC=labs","User-Logon","User","ReadProperty","Descendents","5f202010-79a5-11d0-9020-00c04fc2d4cf","bf967aba-0de6-11d0-a285-00aa003049e2","ObjectAceTypePresent, InheritedObjectAceTypePresent","Allow","S-1-5-32-554","True","ContainerInherit","InheritOnly"
"CN=Users,DC=sos,DC=labs","Membership","inetOrgPerson","ReadProperty","Descendents","bc0ac240-79a9-11d0-9020-00c04fc2d4cf","4828cc14-1437-45bc-9b07-ad6f015e5f28","ObjectAceTypePresent, InheritedObjectAceTypePresent","Allow","S-1-5-32-554","True","ContainerInherit","InheritOnly"
"CN=Users,DC=sos,DC=labs","Membership","User","ReadProperty","Descendents","bc0ac240-79a9-11d0-9020-00c04fc2d4cf","bf967aba-0de6-11d0-a285-00aa003049e2","ObjectAceTypePresent, InheritedObjectAceTypePresent","Allow","S-1-5-32-554","True","ContainerInherit","InheritOnly"
"CN=Users,DC=sos,DC=labs","General-Information","inetOrgPerson","ReadProperty","Descendents","59ba2f42-79a2-11d0-9020-00c04fc2d3cf","4828cc14-1437-45bc-9b07-ad6f015e5f28","ObjectAceTypePresent, InheritedObjectAceTypePresent","Allow","S-1-5-32-554","True","ContainerInherit","InheritOnly"
"CN=Users,DC=sos,DC=labs","General-Information","User","ReadProperty","Descendents","59ba2f42-79a2-11d0-9020-00c04fc2d3cf","bf967aba-0de6-11d0-a285-00aa003049e2","ObjectAceTypePresent, InheritedObjectAceTypePresent","Allow","S-1-5-32-554","True","ContainerInherit","InheritOnly"
"CN=Users,DC=sos,DC=labs","RAS-Information","inetOrgPerson","ReadProperty","Descendents","037088f8-0ae1-11d2-b422-00a0c968f939","4828cc14-1437-45bc-9b07-ad6f015e5f28","ObjectAceTypePresent, InheritedObjectAceTypePresent","Allow","S-1-5-32-554","True","ContainerInherit","InheritOnly"
"CN=Users,DC=sos,DC=labs","RAS-Information","User","ReadProperty","Descendents","037088f8-0ae1-11d2-b422-00a0c968f939","bf967aba-0de6-11d0-a285-00aa003049e2","ObjectAceTypePresent, InheritedObjectAceTypePresent","Allow","S-1-5-32-554","True","ContainerInherit","InheritOnly"
"CN=Users,DC=sos,DC=labs","ms-DS-Key-Credential-Link","All","ReadProperty, WriteProperty","All","5b47d60f-6090-40b2-9f37-2a4de88f3063","00000000-0000-0000-0000-000000000000","ObjectAceTypePresent","Allow","sos\Key Admins","True","ContainerInherit","None"
"CN=Users,DC=sos,DC=labs","ms-DS-Key-Credential-Link","All","ReadProperty, WriteProperty","All","5b47d60f-6090-40b2-9f37-2a4de88f3063","00000000-0000-0000-0000-000000000000","ObjectAceTypePresent","Allow","sos\Enterprise Key Admins","True","ContainerInherit","None"
"CN=Users,DC=sos,DC=labs","DS-Validated-Write-Computer","Computer","Self","Descendents","9b026da6-0d3c-465c-8bee-5199d7165cba","bf967a86-0de6-11d0-a285-00aa003049e2","ObjectAceTypePresent, InheritedObjectAceTypePresent","Allow","CREATOR OWNER","True","ContainerInherit","InheritOnly"
"CN=Users,DC=sos,DC=labs","DS-Validated-Write-Computer","Computer","Self","Descendents","9b026da6-0d3c-465c-8bee-5199d7165cba","bf967a86-0de6-11d0-a285-00aa003049e2","ObjectAceTypePresent, InheritedObjectAceTypePresent","Allow","NT AUTHORITY\SELF","True","ContainerInherit","InheritOnly"
"CN=Users,DC=sos,DC=labs","Token-Groups","Computer","ReadProperty","Descendents","b7c69e6d-2cc7-11d2-854e-00a0c983f608","bf967a86-0de6-11d0-a285-00aa003049e2","ObjectAceTypePresent, InheritedObjectAceTypePresent","Allow","NT AUTHORITY\ENTERPRISE DOMAIN CONTROLLERS","True","ContainerInherit","InheritOnly"
"CN=Users,DC=sos,DC=labs","Token-Groups","Group","ReadProperty","Descendents","b7c69e6d-2cc7-11d2-854e-00a0c983f608","bf967a9c-0de6-11d0-a285-00aa003049e2","ObjectAceTypePresent, InheritedObjectAceTypePresent","Allow","NT AUTHORITY\ENTERPRISE DOMAIN CONTROLLERS","True","ContainerInherit","InheritOnly"
"CN=Users,DC=sos,DC=labs","Token-Groups","User","ReadProperty","Descendents","b7c69e6d-2cc7-11d2-854e-00a0c983f608","bf967aba-0de6-11d0-a285-00aa003049e2","ObjectAceTypePresent, InheritedObjectAceTypePresent","Allow","NT AUTHORITY\ENTERPRISE DOMAIN CONTROLLERS","True","ContainerInherit","InheritOnly"
"CN=Users,DC=sos,DC=labs","ms-TPM-Tpm-Information-For-Computer","Computer","WriteProperty","Descendents","ea1b7b93-5e48-46d5-bc6c-4df4fda78a35","bf967a86-0de6-11d0-a285-00aa003049e2","ObjectAceTypePresent, InheritedObjectAceTypePresent","Allow","NT AUTHORITY\SELF","True","ContainerInherit","InheritOnly"
"CN=Users,DC=sos,DC=labs","All","inetOrgPerson","GenericRead","Descendents","00000000-0000-0000-0000-000000000000","4828cc14-1437-45bc-9b07-ad6f015e5f28","InheritedObjectAceTypePresent","Allow","S-1-5-32-554","True","ContainerInherit","InheritOnly"
"CN=Users,DC=sos,DC=labs","All","Group","GenericRead","Descendents","00000000-0000-0000-0000-000000000000","bf967a9c-0de6-11d0-a285-00aa003049e2","InheritedObjectAceTypePresent","Allow","S-1-5-32-554","True","ContainerInherit","InheritOnly"
"CN=Users,DC=sos,DC=labs","All","User","GenericRead","Descendents","00000000-0000-0000-0000-000000000000","bf967aba-0de6-11d0-a285-00aa003049e2","InheritedObjectAceTypePresent","Allow","S-1-5-32-554","True","ContainerInherit","InheritOnly"
"CN=Users,DC=sos,DC=labs","ms-DS-Allowed-To-Act-On-Behalf-Of-Other-Identity","All","ReadProperty, WriteProperty","All","3f78c3e5-f79a-46bd-a0b8-9d18116ddc79","00000000-0000-0000-0000-000000000000","ObjectAceTypePresent","Allow","NT AUTHORITY\SELF","True","ContainerInherit, ObjectInherit","None"
"CN=Users,DC=sos,DC=labs","Private-Information","All","ReadProperty, WriteProperty, ExtendedRight","All","91e647de-d96f-4b70-9557-d63ff4f3ccd8","00000000-0000-0000-0000-000000000000","ObjectAceTypePresent","Allow","NT AUTHORITY\SELF","True","ContainerInherit","None"
"CN=Users,DC=sos,DC=labs","All","All","GenericAll","All","00000000-0000-0000-0000-000000000000","00000000-0000-0000-0000-000000000000","None","Allow","sos\Enterprise Admins","True","ContainerInherit","None"
"CN=Users,DC=sos,DC=labs","All","All","ListChildren","All","00000000-0000-0000-0000-000000000000","00000000-0000-0000-0000-000000000000","None","Allow","S-1-5-32-554","True","ContainerInherit","None"
"CN=Users,DC=sos,DC=labs","All","All","CreateChild, Self, WriteProperty, ExtendedRight, Delete, GenericRead, WriteDacl, WriteOwner","All","00000000-0000-0000-0000-000000000000","00000000-0000-0000-0000-000000000000","None","Allow","BUILTIN\Administrators","True","ContainerInherit","None"
